script_number,relative_path,filename,language,declared_version,sha256,size_bytes,line_count,last_git_commit,last_git_commit_date,last_git_commit_subject,docstring_summary,imports_or_packages,randomization_detected,randomization_terms,seed_literals,candidate_file_literals,candidate_file_literal_count,auto_axis_suggestion,auto_axis_scores,lock_markers,same_number_file_count,same_number_files,authoritative_version,framework_axis,scientific_purpose,reusable_logic,dataset_specific_logic,authoritative_locked_output,proposed_destination_module,regression_strategy,review_status,notes
1,scripts/01_load_clean_explore_gse238110.py,01_load_clean_explore_gse238110.py,python,,2004f9f3aeb42d96fec29cbe60eabded2bf1a5e7282ccbe049702bc64bf20dd8,5338,119,4f1e0d68e2fde312e88ae6401612ca122900000c,2026-08-04T12:21:06-04:00,start preprocessing,"Step 01 - Load, clean and explore GSE238110 (canine osteosarcoma RNA-seq). Input: raw count matrix downloaded from GEO (GSE238110_RawCountFile_combined.csv.gz) Output: cleaned expression matrix + QC report saved to data/processed/ Run this first, before any feature selection o...",numpy; pandas; pathlib,no,,,GSE238110_RawCountFile_combined.csv; GSE238110_counts_clean.csv; GSE238110_qc_report.txt,3,,{},,1,01_load_clean_explore_gse238110.py,,,,,,,,,,
5,scripts/05_univariate_cox_screen.py,05_univariate_cox_screen.py,python,,f1a76dd27d9c9d5ee52e1d7597ba195367f2dbfb4f1099c564c6920eeab1aaf6,5077,160,395882ef49e4b65607b8b1dfe3c2d543fa8ebfc4,2026-08-04T14:24:29-04:00,add 05 file,,argparse; lifelines; numpy; pandas; pathlib; warnings,no,,,GSE238110_DOG2_clinical_matched_indexed.csv; var.csv,2,clinical_outcome_transport,"{""clinical_outcome_transport"": 2}",,1,05_univariate_cox_screen.py,,,,,,,,,,
6,scripts/06_conditional_cox_mb_selection.py,06_conditional_cox_mb_selection.py,python,,2fbbaf1b4dbfd1f1148bfddb369dd750b920582cda3f1b80a67e534cc033f24e,10931,336,833d912b51f89495ee190a19264ed322a4e620bd,2026-08-04T15:47:49-04:00,add nested cox,,lifelines; numpy; pandas; pathlib; warnings,no,,,GSE238110_DOG2_clinical_matched_indexed.csv; GSE238110_conditional_cox_mb_selected_combined.csv; GSE238110_mb_candidate_genes_from_univariate_cox.csv; _conditional_cox_mb_selected.csv; _conditional_cox_mb_step_log.csv; var.csv,6,predictive_specificity,"{""clinical_outcome_transport"": 2, ""predictive_specificity"": 4}",,1,06_conditional_cox_mb_selection.py,,,,,,,,,,
7,scripts/07_true_iamb_mb_ablation.py,07_true_iamb_mb_ablation.py,python,,ef397e3e0f9e0deb6890e6b2b58a60a6e49d284307d64a8c6d8662a637ad1768,12112,402,833d912b51f89495ee190a19264ed322a4e620bd,2026-08-04T15:47:49-04:00,add nested cox,,CBD; lifelines; numpy; pandas; pathlib; sys; time; warnings,yes,default_rng; np.random,,GSE238110_DOG2_clinical_matched_indexed.csv; GSE238110_mb_candidate_genes_from_univariate_cox.csv; GSE238110_true_iamb_gsmb_ablation_selected_genes.csv; GSE238110_true_iamb_gsmb_ablation_summary.csv; var.csv,5,clinical_outcome_transport; predictive_specificity,"{""clinical_outcome_transport"": 2, ""predictive_specificity"": 2}",,1,07_true_iamb_mb_ablation.py,,,,,,,,,,
8,scripts/08_permutation_univariate_cox_control.py,08_permutation_univariate_cox_control.py,python,,4e8c8304525da962fbb29fa7d477105f00c573eb54172a73c6e3ff011bc19aa4,9137,306,833d912b51f89495ee190a19264ed322a4e620bd,2026-08-04T15:47:49-04:00,add nested cox,,lifelines; numpy; pandas; pathlib; warnings,yes,default_rng; np.random; permutation,,GSE238110_DOG2_clinical_matched_indexed.csv; GSE238110_dfi_univariate_cox_top5000var.csv; GSE238110_os_univariate_cox_top5000var.csv; GSE238110_permutation_univariate_cox_negative_control_summary.csv; var.csv,5,clinical_outcome_transport,"{""clinical_outcome_transport"": 2}",,1,08_permutation_univariate_cox_control.py,,,,,,,,,,
9,scripts/09_pca_clinical_structure_qc.py,09_pca_clinical_structure_qc.py,python,,99355af832e51ca371728ee66260192dace64e4bf5754a11366d99f2a94f99ba,16189,551,833d912b51f89495ee190a19264ed322a4e620bd,2026-08-04T15:47:49-04:00,add nested cox,,lifelines; numpy; pandas; pathlib; scipy; sklearn; warnings,yes,random_state,42,GSE238110_DOG2_clinical_matched_indexed.csv; GSE238110_clinical_survival_associations.csv; GSE238110_pca_clinical_associations_top5000var.csv; GSE238110_pca_explained_variance_top5000var.csv; GSE238110_pca_scores_top5000var.csv; GSE238110_pca_survival_associations_top5000var.csv; GSE238110_potential_confounder_flags.csv; var.csv,8,clinical_outcome_transport,"{""clinical_outcome_transport"": 2}",,1,09_pca_clinical_structure_qc.py,,,,,,,,,,
10,scripts/10_nested_cv_survival_benchmark.py,10_nested_cv_survival_benchmark.py,python,,4b7070a945c832dc0f68c8574552b2e5846bcaa441f9653fb71c434240c683a8,39658,1195,833d912b51f89495ee190a19264ed322a4e620bd,2026-08-04T15:47:49-04:00,add nested cox,,CBD; lifelines; numpy; pandas; pathlib; sklearn; sksurv; sys; time; warnings,yes,default_rng; np.random; random_state; shuffle,,GSE238110_DOG2_clinical_matched_indexed.csv; GSE238110_DOG2_expression_log2cpm_matched_allgenes.csv; GSE238110_nested_cv_method_benchmark.csv; GSE238110_nested_cv_method_benchmark_summary.csv; GSE238110_nested_cv_selected_genes.csv; GSE238110_nested_cv_train_univariate_screen_top1000_per_fold.csv,6,predictive_specificity,"{""clinical_outcome_transport"": 2, ""predictive_specificity"": 12}",,1,10_nested_cv_survival_benchmark.py,,,,,,,,,,
11,scripts/11_nested_cv_random_control_diagnostics.py,11_nested_cv_random_control_diagnostics.py,python,,ed12587f8e6efed65fc5643401147f946ee786225847427c25b56f993b7b32e9,18765,544,f8566b78e225c6c392a15de62fdb3876e749d71c,2026-08-04T23:19:46-04:00,finish 19 step,,lifelines; numpy; pandas; pathlib; sklearn; warnings,yes,default_rng; np.random; random_state; shuffle,,GSE238110_DOG2_clinical_matched_indexed.csv; GSE238110_DOG2_expression_log2cpm_matched_allgenes.csv; GSE238110_nested_cv_expanded_random_control_summary.csv; GSE238110_nested_cv_expanded_random_controls.csv; GSE238110_nested_cv_method_benchmark.csv; GSE238110_nested_cv_method_vs_random_percentile_summary.csv; GSE238110_nested_cv_method_vs_random_percentiles.csv; GSE238110_nested_cv_selected_gene_stability.csv; GSE238110_nested_cv_selected_genes.csv; GSE238110_nested_cv_train_univariate_screen_top1000_per_fold.csv,10,predictive_specificity,"{""clinical_outcome_transport"": 2, ""predictive_specificity"": 3}",,1,11_nested_cv_random_control_diagnostics.py,,,,,,,,,,
12,scripts/12_build_rna_master_candidate_evidence_table.py,12_build_rna_master_candidate_evidence_table.py,python,,6d90c3f4a3dfec67289ef00bf524ffa9c30a874c4666ba239ab3676ecac2af3b,19856,594,f8566b78e225c6c392a15de62fdb3876e749d71c,2026-08-04T23:19:46-04:00,finish 19 step,,numpy; pandas; pathlib,no,,,GSE238110_RNA_master_candidate_evidence_table.csv; GSE238110_RNA_master_candidate_evidence_top100.csv; GSE238110_RNA_priority_gene_ids.txt; GSE238110_RNA_priority_gene_symbols.txt; GSE238110_dfi_conditional_cox_mb_selected.csv; GSE238110_dfi_univariate_cox_top5000var.csv; GSE238110_mb_candidate_genes_from_univariate_cox.csv; GSE238110_nested_cv_method_benchmark_summary.csv; GSE238110_nested_cv_method_vs_random_percentile_summary.csv; GSE238110_nested_cv_selected_gene_stability.csv; GSE238110_nested_cv_selected_genes.csv; GSE238110_os_conditional_cox_mb_selected.csv; GSE238110_os_univariate_cox_top5000var.csv; GSE238110_true_iamb_gsmb_ablation_selected_genes.csv,14,predictive_specificity,"{""predictive_specificity"": 10}",,1,12_build_rna_master_candidate_evidence_table.py,,,,,,,,,,
13,scripts/13_rna_module_signal_analysis.py,13_rna_module_signal_analysis.py,python,,5519bfd75a80871228fe2d00a20970305bde81f0cb6f2a6519c42e974ec528a1,18480,541,f8566b78e225c6c392a15de62fdb3876e749d71c,2026-08-04T23:19:46-04:00,finish 19 step,,lifelines; numpy; pandas; pathlib; scipy; sklearn; warnings,yes,random_state; shuffle,,GSE238110_DOG2_clinical_matched_indexed.csv; GSE238110_DOG2_expression_log2cpm_matched_allgenes.csv; GSE238110_RNA_full_cohort_module_associations.csv; GSE238110_RNA_master_candidate_evidence_table.csv; GSE238110_RNA_module_gene_membership.csv; GSE238110_RNA_nested_cv_module_benchmark.csv; GSE238110_nested_cv_train_univariate_screen_top1000_per_fold.csv,7,predictive_specificity,"{""clinical_outcome_transport"": 2, ""predictive_specificity"": 13}",,1,13_rna_module_signal_analysis.py,,,,,,,,,,
14,scripts/14_rna_module_random_control_benchmark.py,14_rna_module_random_control_benchmark.py,python,,bd77fd3f7eb298b88b26e9dfd3a2fb53d823b351f1b50a39e1a0e184e7312164,22067,622,f8566b78e225c6c392a15de62fdb3876e749d71c,2026-08-04T23:19:46-04:00,finish 19 step,,lifelines; numpy; pandas; pathlib; scipy; sklearn; warnings,yes,default_rng; np.random; random_state; shuffle,,GSE238110_DOG2_clinical_matched_indexed.csv; GSE238110_DOG2_expression_log2cpm_matched_allgenes.csv; GSE238110_RNA_module_random_control_summary.csv; GSE238110_RNA_module_random_controls.csv; GSE238110_RNA_module_vs_random_percentile_summary.csv; GSE238110_RNA_module_vs_random_percentiles.csv; GSE238110_RNA_nested_cv_module_benchmark.csv; GSE238110_RNA_observed_module_nested_cv_summary.csv; GSE238110_nested_cv_train_univariate_screen_top1000_per_fold.csv,9,predictive_specificity,"{""clinical_outcome_transport"": 2, ""predictive_specificity"": 11}",,1,14_rna_module_random_control_benchmark.py,,,,,,,,,,
15,scripts/15_ortholog_mapping_dog_to_human.py,15_ortholog_mapping_dog_to_human.py,python,,ed72d23f2faeec3a20d17d30dd8bab6b06f90e7d02f484d565a3c8c7c8efd05c,19435,602,f8566b78e225c6c392a15de62fdb3876e749d71c,2026-08-04T23:19:46-04:00,finish 19 step,,io; numpy; pandas; pathlib; time; urllib; warnings,no,,,GSE238110_RNA_candidate_genes_without_human_ortholog_mapping.csv; GSE238110_RNA_master_candidate_evidence_table.csv; GSE238110_RNA_master_candidate_evidence_table_with_orthologs.csv; GSE238110_RNA_module_gene_membership.csv; GSE238110_RNA_module_ortholog_mappability_summary.csv; GSE238110_RNA_priority_transferable_ortholog_candidates.csv; ensembl_dog_human_orthologs_biomart.tsv,7,,{},,1,15_ortholog_mapping_dog_to_human.py,,,,,,,,,,
16,scripts/16_statistical_tests_for_random_controls.py,16_statistical_tests_for_random_controls.py,python,,ab138dda5308f83833fc2e1af412d18cff6f32bd355f6e4e4a4517281c043203,10831,351,f8566b78e225c6c392a15de62fdb3876e749d71c,2026-08-04T23:19:46-04:00,finish 19 step,,numpy; pandas; pathlib; scipy; warnings,no,,,GSE238110_RNA_module_vs_random_percentiles.csv; GSE238110_nested_cv_method_vs_random_percentiles.csv; GSE238110_random_control_key_statistical_tests.csv; GSE238110_random_control_paired_statistical_tests.csv,4,predictive_specificity,"{""predictive_specificity"": 7}",,1,16_statistical_tests_for_random_controls.py,,,,,,,,,,
17,scripts/17_ortholog_mapping_qc_transfer_sets.py,17_ortholog_mapping_qc_transfer_sets.py,python,,884010edc94f0e2445eb8aae291818d07625bc7f7aaf97c9caaf65369bef14a1,19226,574,f8566b78e225c6c392a15de62fdb3876e749d71c,2026-08-04T23:19:46-04:00,finish 19 step,,numpy; pandas; pathlib; warnings,no,,,GSE238110_RNA_broad_transferable_candidates_for_sensitivity.csv; GSE238110_RNA_full_cohort_module_associations.csv; GSE238110_RNA_full_cohort_transferable_module_priority.csv; GSE238110_RNA_master_candidate_evidence_table_with_ortholog_qc.csv; GSE238110_RNA_master_candidate_evidence_table_with_orthologs.csv; GSE238110_RNA_module_gene_membership.csv; GSE238110_RNA_module_ortholog_mappability_summary.csv; GSE238110_RNA_module_ortholog_qc_summary.csv; GSE238110_RNA_strict_transferable_candidates.csv; GSE238110_strict_transferable_dog_genes.txt; GSE238110_strict_transferable_human_symbols.txt,11,,{},,1,17_ortholog_mapping_qc_transfer_sets.py,,,,,,,,,,
18,scripts/18_meta_proliferation_adjustment.py,18_meta_proliferation_adjustment.py,python,,f001e890bddb0b21b77037b8f512bcb100910caf2e5a9b1d07f0d90e19615f24,37521,1050,f8566b78e225c6c392a15de62fdb3876e749d71c,2026-08-04T23:19:46-04:00,finish 19 step,,lifelines; numpy; pandas; pathlib; sklearn; warnings,yes,random_state,42,GSE238110_DOG2_clinical_matched_indexed.csv; GSE238110_DOG2_expression_log2cpm_matched_allgenes.csv; GSE238110_RNA_broad_transferable_candidates_for_sensitivity.csv; GSE238110_RNA_full_cohort_transferable_module_priority.csv; GSE238110_RNA_module_gene_membership.csv; GSE238110_RNA_strict_transferable_candidates.csv; GSE238110_candidate_gene_proliferation_adjustment_results.csv; GSE238110_full_cohort_module_scores_for_proliferation_adjustment.csv; GSE238110_meta_proliferation_adjustment_summary.csv; GSE238110_meta_proliferation_gene_set.csv; GSE238110_meta_proliferation_only_models.csv; GSE238110_meta_proliferation_score_per_sample.csv; GSE238110_module_proliferation_adjustment_results.csv,13,clinical_outcome_transport; multiplicity_provenance,"{""clinical_outcome_transport"": 2, ""multiplicity_provenance"": 2}",,1,18_meta_proliferation_adjustment.py,,,,,,,,,,
19,scripts/19_residualized_proliferation_signal_analysis.py,19_residualized_proliferation_signal_analysis.py,python,,b21760297a6537e0007397a2409fc9d1d97da270e38576ebdaddb2d18d0bb7bb,26894,791,f8566b78e225c6c392a15de62fdb3876e749d71c,2026-08-04T23:19:46-04:00,finish 19 step,,lifelines; numpy; pandas; pathlib; warnings,no,,,GSE238110_DOG2_clinical_matched_indexed.csv; GSE238110_DOG2_expression_log2cpm_matched_allgenes.csv; GSE238110_RNA_broad_transferable_candidates_for_sensitivity.csv; GSE238110_RNA_full_cohort_transferable_module_priority.csv; GSE238110_RNA_strict_transferable_candidates.csv; GSE238110_candidate_gene_proliferation_adjustment_results.csv; GSE238110_candidate_gene_residualized_proliferation_analysis.csv; GSE238110_full_cohort_module_scores_for_proliferation_adjustment.csv; GSE238110_meta_proliferation_score_per_sample.csv; GSE238110_module_proliferation_adjustment_results.csv; GSE238110_module_residualized_proliferation_analysis.csv; GSE238110_residualized_proliferation_analysis_summary.csv,12,clinical_outcome_transport; multiplicity_provenance,"{""clinical_outcome_transport"": 2, ""multiplicity_provenance"": 2}",,1,19_residualized_proliferation_signal_analysis.py,,,,,,,,,,
20,scripts/20_proliferation_overlap_crossfit_sensitivity.py,20_proliferation_overlap_crossfit_sensitivity.py,python,,dfc9bafc77fa86ebcd03ef638218a0ae077d3e624f8eef220cabb7651b05e5f3,67429,1869,364e8b8e9ce54ac701b4d20455636e25b37289ff,2026-08-05T20:27:32-04:00,finish first level of analysis,,lifelines; numpy; pandas; pathlib; sklearn; warnings,yes,random_state; shuffle,,GSE238110_DOG2_clinical_matched_indexed.csv; GSE238110_DOG2_expression_log2cpm_matched_allgenes.csv; GSE238110_RNA_full_cohort_transferable_module_priority.csv; GSE238110_RNA_module_gene_membership.csv; GSE238110_full_cohort_module_scores_for_proliferation_adjustment.csv; GSE238110_leave_module_out_proliferation_full_cohort.csv; GSE238110_meta_proliferation_gene_set.csv; GSE238110_meta_proliferation_score_per_sample.csv; GSE238110_module_proliferation_overlap_audit.csv; GSE238110_proliferation_independence_decision_table.csv; GSE238110_repeated_cv_proliferation_sensitivity_fold_results.csv; GSE238110_repeated_cv_proliferation_sensitivity_summary.csv,12,predictive_specificity,"{""clinical_outcome_transport"": 2, ""multiplicity_provenance"": 2, ""predictive_specificity"": 4}",,1,20_proliferation_overlap_crossfit_sensitivity.py,,,,,,,,,,
21,scripts/21_finalize_canine_transfer_programs.py,21_finalize_canine_transfer_programs.py,python,,ebcde60aa29a02d6749924412b86d5ef799f2191f0710cc16f2bf8eeb475fdc9,45744,1071,364e8b8e9ce54ac701b4d20455636e25b37289ff,2026-08-05T20:27:32-04:00,finish first level of analysis,,hashlib; json; numpy; pandas; pathlib; scipy; sklearn; warnings,yes,bootstrap; default_rng; np.random; random_state,,GSE238110_DOG2_expression_log2cpm_matched_allgenes.csv; GSE238110_RNA_full_cohort_module_associations.csv; GSE238110_RNA_full_cohort_transferable_module_priority.csv; GSE238110_RNA_master_candidate_evidence_table_with_orthologs.csv; GSE238110_RNA_module_gene_membership.csv; GSE238110_frozen_canine_transfer_program_manifest.csv; GSE238110_frozen_transfer_gene_weights_broad.csv; GSE238110_frozen_transfer_gene_weights_strict.csv; GSE238110_frozen_transfer_program_freeze.json; GSE238110_frozen_transfer_programs_README.txt; GSE238110_frozen_transfer_scoring_specification.csv; GSE238110_full_cohort_module_scores_for_proliferation_adjustment.csv; GSE238110_module_proliferation_overlap_audit.csv; GSE238110_proliferation_independence_decision_table.csv; GSE238110_repeated_cv_program_model_contrast_summary.csv; GSE238110_repeated_cv_program_model_contrasts.csv; GSE238110_repeated_cv_program_scores_by_repeat.csv; GSE238110_repeated_cv_proliferation_sensitivity_fold_results.csv; GSE238110_repeated_cv_proliferation_sensitivity_summary.csv,19,multiplicity_provenance; clinical_outcome_transport,"{""clinical_outcome_transport"": 6, ""multiplicity_provenance"": 13, ""predictive_specificity"": 2}",frozen,2,21_finalize_canine_transfer_programs.py; 21_finalize_canine_transfer_programs_FIXED_V2.py,,,,,,,,,,
21,scripts/21_finalize_canine_transfer_programs_FIXED_V2.py,21_finalize_canine_transfer_programs_FIXED_V2.py,python,21-fixed-ortholog-qc-v2,8da88bbb0fef845dc2c964c24eee21f4382c90e86b98f55fb0b66b3c7af5205c,47613,1118,364e8b8e9ce54ac701b4d20455636e25b37289ff,2026-08-05T20:27:32-04:00,finish first level of analysis,,hashlib; json; numpy; pandas; pathlib; scipy; sklearn; warnings,yes,bootstrap; default_rng; np.random; random_state,,GSE238110_DOG2_expression_log2cpm_matched_allgenes.csv; GSE238110_RNA_full_cohort_module_associations.csv; GSE238110_RNA_full_cohort_transferable_module_priority.csv; GSE238110_RNA_master_candidate_evidence_table_with_ortholog_qc.csv; GSE238110_RNA_module_gene_membership.csv; GSE238110_frozen_canine_transfer_program_manifest.csv; GSE238110_frozen_transfer_gene_weights_broad.csv; GSE238110_frozen_transfer_gene_weights_strict.csv; GSE238110_frozen_transfer_program_freeze.json; GSE238110_frozen_transfer_programs_README.txt; GSE238110_frozen_transfer_scoring_specification.csv; GSE238110_full_cohort_module_scores_for_proliferation_adjustment.csv; GSE238110_module_proliferation_overlap_audit.csv; GSE238110_proliferation_independence_decision_table.csv; GSE238110_repeated_cv_program_model_contrast_summary.csv; GSE238110_repeated_cv_program_model_contrasts.csv; GSE238110_repeated_cv_program_scores_by_repeat.csv; GSE238110_repeated_cv_proliferation_sensitivity_fold_results.csv; GSE238110_repeated_cv_proliferation_sensitivity_summary.csv,19,multiplicity_provenance; clinical_outcome_transport,"{""clinical_outcome_transport"": 6, ""multiplicity_provenance"": 13, ""predictive_specificity"": 2}",frozen; script version,2,21_finalize_canine_transfer_programs.py; 21_finalize_canine_transfer_programs_FIXED_V2.py,,,,,,,,,,
22,scripts/22_prepare_human_osteosarcoma_cohorts.py,22_prepare_human_osteosarcoma_cohorts.py,python,22-human-cohort-preparation-v1,2b4b9734204b14dd6494ba168d08f1b52dc02d8d7ffd56637d75b8083fafffdd,54137,1432,364e8b8e9ce54ac701b4d20455636e25b37289ff,2026-08-05T20:27:32-04:00,finish first level of analysis,,GEOparse; __future__; datetime; gzip; hashlib; json; numpy; pandas; pathlib; re; requests; shutil; sklearn; sys; time; typing,yes,random_state,,GSE21257_GEO_phenotype_raw.csv; GSE21257_clinical_standardized.csv; GSE21257_expression_gene_symbol.csv; GSE21257_frozen_transfer_score_coverage.csv; GSE21257_frozen_transfer_scores.csv; GSE21257_probe_to_gene_symbol_selected.csv; GSE238110_RNA_master_candidate_evidence_table_with_ortholog_qc.csv; GSE238110_frozen_canine_transfer_program_manifest.csv; GSE238110_frozen_transfer_gene_weights_broad.csv; GSE238110_frozen_transfer_gene_weights_strict.csv; GSE238110_frozen_transfer_program_freeze.json; GSE238110_frozen_transfer_scoring_specification.csv; GSE238110_meta_proliferation_gene_set.csv; TARGET_OS_GDC_cases_raw.json; TARGET_OS_GDC_expression_file_manifest.csv; TARGET_OS_clinical_standardized.csv; TARGET_OS_expression_log2_gene_symbol.csv; TARGET_OS_expression_sample_map.csv; TARGET_OS_frozen_transfer_score_coverage.csv; TARGET_OS_frozen_transfer_scores.csv; frozen_strict_human_proliferation_mapping.csv; human_validation_cohort_preparation_README.txt; human_validation_cohort_preparation_manifest.json; human_validation_cohort_preparation_summary.csv,24,multiplicity_provenance; clinical_outcome_transport,"{""clinical_outcome_transport"": 8, ""multiplicity_provenance"": 11}",frozen; script version,1,22_prepare_human_osteosarcoma_cohorts.py,,,,,,,,,,
23,scripts/23_external_human_validation.py,23_external_human_validation.py,python,23-human-external-validation-v1,677c29509c5165782d24323abad7c24fc571ba3bc35000e801e6b137103df21e,53516,1321,364e8b8e9ce54ac701b4d20455636e25b37289ff,2026-08-05T20:27:32-04:00,finish first level of analysis,,__future__; datetime; hashlib; json; lifelines; math; numpy; pandas; pathlib; scipy; sklearn; statsmodels; typing; warnings,yes,bootstrap; default_rng; np.random; shuffle,,GSE21257_OS_frozen_program_sensitivity.csv; GSE21257_clinical_standardized.csv; GSE21257_expression_gene_symbol.csv; GSE21257_frozen_transfer_score_coverage.csv; GSE21257_frozen_transfer_scores.csv; GSE21257_metastasis_primary_frozen_program_validation.csv; GSE238110_RNA_master_candidate_evidence_table_with_ortholog_qc.csv; GSE238110_frozen_canine_transfer_program_manifest.csv; GSE238110_frozen_transfer_gene_weights_broad.csv; GSE238110_frozen_transfer_gene_weights_strict.csv; GSE238110_frozen_transfer_program_freeze.json; TARGET_OS_clinical_standardized.csv; TARGET_OS_expression_log2_gene_symbol.csv; TARGET_OS_frozen_transfer_score_coverage.csv; TARGET_OS_frozen_transfer_scores.csv; TARGET_OS_primary_frozen_program_validation.csv; human_external_validation_README.txt; human_external_validation_adjusted_models.csv; human_external_validation_cross_cohort_synthesis.csv; human_external_validation_manifest.json; human_external_validation_primary_multiplicity.csv; human_external_validation_random_gene_set_controls.csv; human_external_validation_random_gene_set_distribution.csv; human_external_validation_score_variant_sensitivity.csv; human_external_validation_secondary_programs.csv; human_validation_cohort_preparation_manifest.json,26,multiplicity_provenance; clinical_outcome_transport; predictive_specificity,"{""clinical_outcome_transport"": 13, ""multiplicity_provenance"": 19, ""predictive_specificity"": 9}",frozen; script version,1,23_external_human_validation.py,,,,,,,,,,
24,scripts/24_external_validation_robustness_audit.py,24_external_validation_robustness_audit.py,python,24-external-validation-robustness-audit-v1,92233907cc4b20604ece9050f24a310bf935371506ea9656bba1a9595b38afb8,32040,801,364e8b8e9ce54ac701b4d20455636e25b37289ff,2026-08-05T20:27:32-04:00,finish first level of analysis,,__future__; datetime; hashlib; json; lifelines; numpy; pandas; pathlib; scipy; sklearn; typing; warnings,yes,bootstrap; default_rng; np.random; permutation,,GSE21257_OS_frozen_program_sensitivity.csv; GSE21257_clinical_standardized.csv; GSE21257_frozen_transfer_scores.csv; GSE21257_metastasis_primary_frozen_program_validation.csv; GSE21257_primary_adjustment_robustness.csv; GSE21257_primary_leave_one_out_stability.csv; GSE21257_primary_robust_logistic_effects.csv; TARGET_OS_clinical_standardized.csv; TARGET_OS_frozen_transfer_scores.csv; TARGET_OS_primary_adjustment_robustness.csv; TARGET_OS_primary_frozen_program_validation.csv; TARGET_OS_primary_leave_one_out_stability.csv; human_external_validation_adjusted_models.csv; human_external_validation_cross_cohort_synthesis.csv; human_external_validation_manifest.json; human_external_validation_random_control_empirical_fdr.csv; human_external_validation_random_gene_set_controls.csv; human_external_validation_robust_evidence_summary.csv; human_external_validation_robustness_README.txt; human_external_validation_robustness_manifest.json; human_external_validation_score_variant_sensitivity.csv,21,clinical_outcome_transport; multiplicity_provenance; predictive_specificity,"{""clinical_outcome_transport"": 10, ""multiplicity_provenance"": 9, ""predictive_specificity"": 8}",frozen; script version,1,24_external_validation_robustness_audit.py,,,,,,,,,,
25,scripts/25_prepare_gse39055_third_human_cohort.py,25_prepare_gse39055_third_human_cohort.py,python,25-gse39055-preparation-v1,f5fd842d65adc2afd6828e055bf942efe764e14152aac5ff7f807d1d850a35f9,30940,896,364e8b8e9ce54ac701b4d20455636e25b37289ff,2026-08-05T20:27:32-04:00,finish first level of analysis,,GEOparse; __future__; datetime; hashlib; json; numpy; pandas; pathlib; re; sklearn; typing,yes,random_state,,GSE238110_frozen_canine_transfer_program_manifest.csv; GSE238110_frozen_transfer_gene_weights_broad.csv; GSE238110_frozen_transfer_gene_weights_strict.csv; GSE238110_frozen_transfer_program_freeze.json; GSE238110_frozen_transfer_scoring_specification.csv; GSE39055_GEO_phenotype_raw.csv; GSE39055_clinical_standardized.csv; GSE39055_expression_gene_symbol.csv; GSE39055_frozen_transfer_score_coverage.csv; GSE39055_frozen_transfer_scores.csv; GSE39055_preparation_README.txt; GSE39055_preparation_manifest.json; GSE39055_preparation_summary.csv; GSE39055_probe_to_gene_symbol_selected.csv; frozen_strict_human_proliferation_mapping.csv,15,multiplicity_provenance; clinical_outcome_transport,"{""clinical_outcome_transport"": 6, ""multiplicity_provenance"": 11}",frozen; script version,1,25_prepare_gse39055_third_human_cohort.py,,,,,,,,,,
26,scripts/26_validate_gse39055_rfs.py,26_validate_gse39055_rfs.py,python,26-gse39055-rfs-validation-v1,774bbf4dffb6cfc7d27066917682a3d32f5a8091c7f1f95c3c9b30a5bde5a34f,41188,1213,364e8b8e9ce54ac701b4d20455636e25b37289ff,2026-08-05T20:27:32-04:00,finish first level of analysis,,__future__; datetime; hashlib; json; lifelines; numpy; pandas; pathlib; typing,yes,bootstrap; default_rng; np.random; permutation; shuffle,,GSE238110_frozen_canine_transfer_program_manifest.csv; GSE238110_frozen_transfer_gene_weights_broad.csv; GSE238110_frozen_transfer_gene_weights_strict.csv; GSE39055_RFS_adjustment_robustness.csv; GSE39055_RFS_leave_one_out_stability.csv; GSE39055_RFS_primary_frozen_program_validation.csv; GSE39055_RFS_primary_multiplicity.csv; GSE39055_RFS_random_gene_set_controls.csv; GSE39055_RFS_random_gene_set_distribution.csv; GSE39055_RFS_score_variant_sensitivity.csv; GSE39055_RFS_validation_README.txt; GSE39055_RFS_validation_manifest.json; GSE39055_clinical_standardized.csv; GSE39055_expression_gene_symbol.csv; GSE39055_frozen_transfer_score_coverage.csv; GSE39055_frozen_transfer_scores.csv; GSE39055_preparation_manifest.json; GSE39055_zero_time_endpoint_audit.csv; human_external_validation_robust_evidence_summary.csv; human_external_validation_three_cohort_synthesis.csv,20,predictive_specificity; multiplicity_provenance; clinical_outcome_transport,"{""clinical_outcome_transport"": 8, ""multiplicity_provenance"": 11, ""predictive_specificity"": 14}",frozen; script version,1,26_validate_gse39055_rfs.py,,,,,,,,,,
27,scripts/27_cross_cohort_module_preservation.py,27_cross_cohort_module_preservation.py,python,27-cross-cohort-module-preservation-v1,052725018e8e6caa1ee8f6bf5391b01a15e27dacb0af3e53674e0582221f75a6,29541,661,364e8b8e9ce54ac701b4d20455636e25b37289ff,2026-08-05T20:27:32-04:00,finish first level of analysis,,__future__; datetime; hashlib; json; numpy; pandas; pathlib; scipy; typing,yes,default_rng; np.random; permutation,,GSE21257_expression_gene_symbol.csv; GSE21257_primary_robust_logistic_effects.csv; GSE238110_DOG2_expression_log2cpm_matched_allgenes.csv; GSE238110_frozen_transfer_gene_weights_strict.csv; GSE238110_frozen_transfer_program_freeze.json; GSE39055_RFS_primary_frozen_program_validation.csv; GSE39055_expression_gene_symbol.csv; TARGET_OS_expression_log2_gene_symbol.csv; TARGET_OS_primary_frozen_program_validation.csv; cross_cohort_module_gene_loading_concordance.csv; cross_cohort_module_gene_subset_reliability.csv; cross_cohort_module_preservation_README.txt; cross_cohort_module_preservation_manifest.json; cross_cohort_module_preservation_outcome_synthesis.csv; cross_cohort_module_representation_preservation.csv; cross_cohort_module_structure_random_controls.csv; cross_cohort_module_structure_random_distribution.csv,17,clinical_outcome_transport; predictive_specificity; multiplicity_provenance,"{""clinical_outcome_transport"": 11, ""molecular_representation_preservation"": 3, ""multiplicity_provenance"": 7, ""predictive_specificity"": 11}",frozen; script version,1,27_cross_cohort_module_preservation.py,,,,,,,,,,
28,scripts/28_conservative_module_preservation_audit.py,28_conservative_module_preservation_audit.py,python,28-conservative-module-preservation-audit-v1,a2f9631f1ebc358b6d5db00daa6a1ee754eabcf0ac4e0f73326dbe7e27c33b88,23299,743,364e8b8e9ce54ac701b4d20455636e25b37289ff,2026-08-05T20:27:32-04:00,finish first level of analysis,,__future__; datetime; hashlib; itertools; json; numpy; pandas; pathlib; scipy; typing,yes,default_rng; np.random; permutation,,GSE21257_expression_gene_symbol.csv; GSE238110_DOG2_expression_log2cpm_matched_allgenes.csv; GSE238110_frozen_transfer_gene_weights_strict.csv; GSE39055_expression_gene_symbol.csv; TARGET_OS_expression_log2_gene_symbol.csv; cross_cohort_conservative_preservation_README.txt; cross_cohort_conservative_preservation_classification.csv; cross_cohort_conservative_preservation_manifest.json; cross_cohort_disjoint_split_half_reliability.csv; cross_cohort_edge_preservation_audit.csv; cross_cohort_module_preservation_outcome_synthesis.csv; cross_cohort_module_representation_preservation.csv,12,molecular_representation_preservation; multiplicity_provenance; clinical_outcome_transport,"{""clinical_outcome_transport"": 6, ""molecular_representation_preservation"": 7, ""multiplicity_provenance"": 7}",frozen; script version,1,28_conservative_module_preservation_audit.py,,,,,,,,,,
29,scripts/29_lock_cross_species_evidence.py,29_lock_cross_species_evidence.py,python,29-lock-cross-species-evidence-v1,11fa0408b1f1d8b27c5260a603a799a44e03b7fe46527e3b65d0780fe67e705b,23996,684,364e8b8e9ce54ac701b4d20455636e25b37289ff,2026-08-05T20:27:32-04:00,finish first level of analysis,,__future__; datetime; hashlib; json; numpy; pandas; pathlib; typing,no,,,GSE21257_metastasis_primary_frozen_program_validation.csv; GSE21257_primary_robust_logistic_effects.csv; GSE238110_frozen_canine_transfer_program_manifest.csv; GSE39055_RFS_primary_frozen_program_validation.csv; TARGET_OS_primary_frozen_program_validation.csv; cross_cohort_conservative_preservation_classification.csv; paper4_analysis_freeze_README.txt; paper4_analysis_freeze_manifest.json; paper4_locked_human_outcome_evidence.csv; paper4_locked_module_evidence_summary.csv; paper4_locked_module_interpretation.csv; paper4_locked_results_sentences.txt; paper4_locked_structure_evidence.csv,13,clinical_outcome_transport; multiplicity_provenance,"{""clinical_outcome_transport"": 17, ""molecular_representation_preservation"": 3, ""multiplicity_provenance"": 9, ""predictive_specificity"": 2}",frozen; locked; script version,1,29_lock_cross_species_evidence.py,,,,,,,,,,
30,scripts/30_generate_paper4_locked_figures_tables.py,30_generate_paper4_locked_figures_tables.py,python,30-paper4-locked-figures-tables-v1,e9846e57219dae8e96c336cf81757d73a1f865fb70783641127f13676fcf0ebe,20025,583,364e8b8e9ce54ac701b4d20455636e25b37289ff,2026-08-05T20:27:32-04:00,finish first level of analysis,,__future__; datetime; json; matplotlib; numpy; pandas; pathlib; typing,yes,bootstrap; permutation,,.pdf; .png; Paper4_locked_figure_captions.txt; Paper4_locked_figure_table_README.txt; Paper4_locked_figure_table_manifest.json; Paper4_locked_main_results_table.csv; Paper4_locked_structure_table.csv; paper4_locked_human_outcome_evidence.csv; paper4_locked_module_evidence_summary.csv; paper4_locked_module_interpretation.csv; paper4_locked_structure_evidence.csv,11,clinical_outcome_transport; molecular_representation_preservation; multiplicity_provenance,"{""clinical_outcome_transport"": 20, ""molecular_representation_preservation"": 6, ""multiplicity_provenance"": 6, ""predictive_specificity"": 2}",final lock; frozen; locked; script version,1,30_generate_paper4_locked_figures_tables.py,,,,,,,,,,
31,scripts/31_gse39055_assay_quality_diagnostic.py,31_gse39055_assay_quality_diagnostic.py,python,31-gse39055-assay-quality-diagnostic-v1,a34e101c9603b394a77028a7c69cae78e1d9d06f38b1a93f1adb53744a9e34d8,52783,1765,3db7185a3d5d00924b66cf2162fcf5ed6fad41ea,2026-08-06T00:14:31-04:00,finish 40,,GEOparse; __future__; datetime; hashlib; json; lifelines; numpy; pandas; pathlib; re; scipy; typing,no,,,GSE238110_frozen_transfer_gene_weights_strict.csv; GSE39055_RFS_primary_frozen_program_validation.csv; GSE39055_assay_quality_diagnostic_README.txt; GSE39055_assay_quality_diagnostic_manifest.json; GSE39055_assay_quality_endpoint_diagnostics.csv; GSE39055_assay_quality_module_summary.csv; GSE39055_canonical_gene_assay_audit.csv; GSE39055_clinical_standardized.csv; GSE39055_detection_aware_RFS_sensitivity.csv; GSE39055_detection_aware_frozen_scores.csv; GSE39055_detection_aware_module_coverage.csv; GSE39055_family.soft.gz; GSE39055_frozen_transfer_scores.csv; GSE39055_gene_probe_selection_comparison.csv; GSE39055_probe_assay_quality.csv; GSE39055_probe_to_gene_symbol_selected.csv; GSE39055_sample_assay_quality.csv,17,measurement_robustness; multiplicity_provenance; clinical_outcome_transport,"{""clinical_outcome_transport"": 5, ""measurement_robustness"": 24, ""multiplicity_provenance"": 9, ""predictive_specificity"": 2}",frozen; locked; script version,2,31_gse39055_assay_quality_diagnostic.py; 31_gse39055_assay_quality_diagnostic_v2.py,,,,,,,,,,
31,scripts/31_gse39055_assay_quality_diagnostic_v2.py,31_gse39055_assay_quality_diagnostic_v2.py,python,31-gse39055-assay-quality-diagnostic-v2,758832ea7c193fa73be07048a6f97b9297f57b00518e322e1a3f6179cd8faf66,53188,1776,3db7185a3d5d00924b66cf2162fcf5ed6fad41ea,2026-08-06T00:14:31-04:00,finish 40,,GEOparse; __future__; datetime; hashlib; json; lifelines; numpy; pandas; pathlib; re; scipy; typing,no,,,GSE238110_frozen_transfer_gene_weights_strict.csv; GSE39055_RFS_primary_frozen_program_validation.csv; GSE39055_assay_quality_diagnostic_README.txt; GSE39055_assay_quality_diagnostic_manifest.json; GSE39055_assay_quality_endpoint_diagnostics.csv; GSE39055_assay_quality_module_summary.csv; GSE39055_canonical_gene_assay_audit.csv; GSE39055_clinical_standardized.csv; GSE39055_detection_aware_RFS_sensitivity.csv; GSE39055_detection_aware_frozen_scores.csv; GSE39055_detection_aware_module_coverage.csv; GSE39055_family.soft.gz; GSE39055_frozen_transfer_scores.csv; GSE39055_gene_probe_selection_comparison.csv; GSE39055_probe_assay_quality.csv; GSE39055_probe_to_gene_symbol_selected.csv; GSE39055_sample_assay_quality.csv,17,measurement_robustness; multiplicity_provenance; clinical_outcome_transport,"{""clinical_outcome_transport"": 5, ""measurement_robustness"": 24, ""multiplicity_provenance"": 9, ""predictive_specificity"": 2}",frozen; locked; script version,2,31_gse39055_assay_quality_diagnostic.py; 31_gse39055_assay_quality_diagnostic_v2.py,,,,,,,,,,
32,scripts/32_patkar_tme_subtype_convergence.py,32_patkar_tme_subtype_convergence.py,python,32-patkar-tme-convergence-v1,9c762ee503ab9572f98ae43e6de2779eb399eb200fbce9764b38c44ff51a2b57,34651,1128,3db7185a3d5d00924b66cf2162fcf5ed6fad41ea,2026-08-06T00:14:31-04:00,finish 40,,__future__; datetime; hashlib; itertools; json; matplotlib; numpy; pandas; pathlib; re; scipy; typing; urllib,yes,default_rng; np.random; permutation,,GSE238110_DOG2_clinical_matched_indexed.csv; GSE238110_DOG2_expression_log2cpm_matched_allgenes.csv; GSE238110_frozen_transfer_gene_weights_strict.csv; GSE238110_frozen_transfer_program_freeze.json; Patkar_TME_convergence_README.txt; Patkar_TME_convergence_manifest.json; Patkar_TME_frozen_program_scores.csv; Patkar_TME_module_median_heatmap.pdf; Patkar_TME_module_median_heatmap.png; Patkar_TME_module_omnibus_associations.csv; Patkar_TME_module_pairwise_associations.csv; Patkar_TME_sample_matching_audit.csv; Patkar_TME_subtype_score_summary.csv; Patkar_TME_targeted_convergence_tests.csv; _boxplot.pdf; _boxplot.png; ccr-24-1854_supplementary_table_s10_suppts10.xlsx,17,multiplicity_provenance,"{""multiplicity_provenance"": 13}",frozen; locked; script version,1,32_patkar_tme_subtype_convergence.py,,,,,,,,,,
33,scripts/33_projectwide_multiplicity_assay_aware_lock.py,33_projectwide_multiplicity_assay_aware_lock.py,python,33-projectwide-multiplicity-assay-aware-lock-v1,647c20f3aa6668a05f47213fdb176257da5b7045eb33ca73737da1c93f31adf8,31498,919,3db7185a3d5d00924b66cf2162fcf5ed6fad41ea,2026-08-06T00:14:31-04:00,finish 40,,__future__; datetime; hashlib; json; numpy; pandas; pathlib; typing,yes,permutation,,GSE21257_metastasis_primary_frozen_program_validation.csv; GSE39055_RFS_primary_frozen_program_validation.csv; GSE39055_assay_quality_module_summary.csv; GSE39055_detection_aware_RFS_sensitivity.csv; Patkar_TME_module_omnibus_associations.csv; Patkar_TME_subtype_score_summary.csv; Patkar_TME_targeted_convergence_tests.csv; TARGET_OS_primary_frozen_program_validation.csv; cross_cohort_conservative_preservation_classification.csv; paper4_assay_aware_lock_README.txt; paper4_assay_aware_lock_manifest.json; paper4_assay_aware_locked_module_evidence_summary.csv; paper4_assay_aware_locked_module_interpretation.csv; paper4_assay_aware_locked_results_sentences.txt; paper4_gse39055_assay_stability_classification.csv; paper4_locked_module_evidence_summary.csv; paper4_projectwide_primary_multiplicity.csv; paper4_representation_outcome_decoupling_typology.csv,18,multiplicity_provenance; clinical_outcome_transport; measurement_robustness,"{""clinical_outcome_transport"": 11, ""measurement_robustness"": 11, ""molecular_representation_preservation"": 3, ""multiplicity_provenance"": 21}",frozen; locked; script version,1,33_projectwide_multiplicity_assay_aware_lock.py,,,,,,,,,,
34,scripts/34_prepare_multistudy_factor_inputs.py,34_prepare_multistudy_factor_inputs.py,python,34-prepare-multistudy-factor-inputs-v1,1a08efdab13aef08170a9a6d97d89930a5711fa28f0801bc68a95e288048e646,28812,851,3db7185a3d5d00924b66cf2162fcf5ed6fad41ea,2026-08-06T00:14:31-04:00,finish 40,,__future__; datetime; hashlib; itertools; json; numpy; pandas; pathlib; scipy; typing,no,,,GSE21257_expression_gene_symbol.csv; GSE238110_DOG2_expression_log2cpm_matched_allgenes.csv; GSE238110_RNA_master_candidate_evidence_table_with_ortholog_qc.csv; GSE238110_frozen_transfer_gene_weights_strict.csv; GSE39055_expression_gene_symbol.csv; GSE39055_gene_probe_selection_comparison.csv; TARGET_OS_expression_log2_gene_symbol.csv; _rank_gaussian_z.csv; gene_metadata.csv; multistudy_factor_frozen_module_coverage.csv; multistudy_factor_input_README.txt; multistudy_factor_input_manifest.json; multistudy_factor_input_set_summary.csv; multistudy_factor_model_config.json; multistudy_factor_pairwise_shift_diagnostics.csv; multistudy_factor_pca_rank_diagnostics.csv; multistudy_factor_strict_ortholog_universe.csv; paper4_assay_aware_locked_module_evidence_summary.csv,18,measurement_robustness; clinical_outcome_transport; multiplicity_provenance; unsupervised_recurrence,"{""clinical_outcome_transport"": 9, ""measurement_robustness"": 13, ""multiplicity_provenance"": 9, ""unsupervised_recurrence"": 8}",frozen; locked; script version,1,34_prepare_multistudy_factor_inputs.py,,,,,,,,,,
35,scripts/35_run_mofapy2_multigroup.py,35_run_mofapy2_multigroup.py,python,35-mofapy2-multigroup-factor-v1,ca7c18c91163c7e99cbfcff26fee2d95237d17fd8568b809d5ba43f56463af84,35799,1143,3db7185a3d5d00924b66cf2162fcf5ed6fad41ea,2026-08-06T00:14:31-04:00,finish 40,,__future__; datetime; h5py; hashlib; importlib; itertools; json; mofapy2; mofax; numpy; pandas; pathlib; platform; sklearn; sys; typing,yes,random_state,,.hdf5; _factor_activity.csv; _factors.csv; _loadings.csv; _r2.csv; _weights.csv; multigroup_mofa_README.txt; multigroup_mofa_cross_set_sensitivity.csv; multigroup_mofa_factor_activity.csv; multigroup_mofa_model_index.csv; multigroup_mofa_model_summary.csv; multigroup_mofa_rank_sensitivity.csv; multigroup_mofa_stacked_pca_baseline.csv; multigroup_mofa_unsupervised_freeze_manifest.json; multigroup_mofa_variance_explained.csv; multigroup_mofa_vs_pca.csv; multistudy_factor_input_manifest.json; multistudy_factor_model_config.json; rank_sensitivity.csv,19,unsupervised_recurrence; multiplicity_provenance,"{""measurement_robustness"": 3, ""multiplicity_provenance"": 7, ""unsupervised_recurrence"": 8}",frozen; script version,1,35_run_mofapy2_multigroup.py,,,,,,,,,,
36,scripts/36_align_frozen_modules_to_mofa.py,36_align_frozen_modules_to_mofa.py,python,36-align-frozen-modules-to-mofa-v1,3d85958f2985080f3cd749f2d5de673e07997f6bf9be0796f8475e8021405ff2,40774,1225,3db7185a3d5d00924b66cf2162fcf5ed6fad41ea,2026-08-06T00:14:31-04:00,finish 40,,__future__; datetime; hashlib; itertools; json; matplotlib; numpy; pandas; pathlib; typing,yes,default_rng; np.random; permutation,,.pdf; .png; GSE238110_frozen_transfer_gene_weights_strict.csv; _loadings.csv; multigroup_mofa_alignment_README.txt; multigroup_mofa_alignment_manifest.json; multigroup_mofa_factor_activity.csv; multigroup_mofa_factor_activity_patterns.csv; multigroup_mofa_frozen_module_factor_alignment.csv; multigroup_mofa_frozen_module_subspace_capture.csv; multigroup_mofa_model_index.csv; multigroup_mofa_model_summary.csv; multigroup_mofa_module_capture_random_controls.csv; multigroup_mofa_module_capture_rank_summary.csv; multigroup_mofa_module_capture_vs_pca.csv; multigroup_mofa_module_cross_set_sensitivity.csv; multigroup_mofa_module_representation_interpretation.csv; multigroup_mofa_stacked_pca_module_capture.csv; multigroup_mofa_unsupervised_freeze_manifest.json; multistudy_factor_model_config.json,20,predictive_specificity; measurement_robustness; unsupervised_recurrence; multiplicity_provenance,"{""clinical_outcome_transport"": 3, ""measurement_robustness"": 10, ""multiplicity_provenance"": 7, ""predictive_specificity"": 11, ""unsupervised_recurrence"": 8}",frozen; script version,2,36_align_frozen_modules_to_mofa.py; 36_align_frozen_modules_to_mofa_v2.py,,,,,,,,,,
36,scripts/36_align_frozen_modules_to_mofa_v2.py,36_align_frozen_modules_to_mofa_v2.py,python,36-align-frozen-modules-to-mofa-v2,74aa8325dc31e66c1e8fa07336b8235197dd7c87f97c56fd9a25ff6372ac70b6,41795,1265,3db7185a3d5d00924b66cf2162fcf5ed6fad41ea,2026-08-06T00:14:31-04:00,finish 40,,__future__; datetime; hashlib; itertools; json; matplotlib; numpy; pandas; pathlib; typing,yes,default_rng; np.random; permutation,,.pdf; .png; GSE238110_frozen_transfer_gene_weights_strict.csv; _loadings.csv; multigroup_mofa_alignment_README.txt; multigroup_mofa_alignment_manifest.json; multigroup_mofa_factor_activity.csv; multigroup_mofa_factor_activity_patterns.csv; multigroup_mofa_frozen_module_factor_alignment.csv; multigroup_mofa_frozen_module_subspace_capture.csv; multigroup_mofa_model_index.csv; multigroup_mofa_model_summary.csv; multigroup_mofa_module_capture_random_controls.csv; multigroup_mofa_module_capture_rank_summary.csv; multigroup_mofa_module_capture_vs_pca.csv; multigroup_mofa_module_cross_set_sensitivity.csv; multigroup_mofa_module_representation_interpretation.csv; multigroup_mofa_stacked_pca_module_capture.csv; multigroup_mofa_unsupervised_freeze_manifest.json; multistudy_factor_model_config.json,20,predictive_specificity; measurement_robustness; unsupervised_recurrence; multiplicity_provenance,"{""clinical_outcome_transport"": 3, ""measurement_robustness"": 10, ""multiplicity_provenance"": 7, ""predictive_specificity"": 11, ""unsupervised_recurrence"": 8}",frozen; script version,2,36_align_frozen_modules_to_mofa.py; 36_align_frozen_modules_to_mofa_v2.py,,,,,,,,,,
37,scripts/37_prepare_variable_only_mofa_inputs.py,37_prepare_variable_only_mofa_inputs.py,python,37-prepare-variable-only-mofa-inputs-v1,c4e404ef19bd22442d1d38c715b28d0ebaf95ad879578446f06b31a1eab65f48,19783,636,3db7185a3d5d00924b66cf2162fcf5ed6fad41ea,2026-08-06T00:14:31-04:00,finish 40,,__future__; datetime; hashlib; itertools; json; numpy; pandas; pathlib; scipy; typing,no,,,GSE21257_expression_gene_symbol.csv; GSE238110_DOG2_expression_log2cpm_matched_allgenes.csv; GSE238110_frozen_transfer_gene_weights_strict.csv; GSE39055_expression_gene_symbol.csv; TARGET_OS_expression_log2_gene_symbol.csv; _rank_gaussian_z.csv; gene_metadata.csv; multistudy_factor_input_manifest.json; multistudy_factor_strict_ortholog_universe.csv; multistudy_factor_variable_only_README.txt; multistudy_factor_variable_only_gene_selection.csv; multistudy_factor_variable_only_manifest.json; multistudy_factor_variable_only_model_config.json; multistudy_factor_variable_only_module_coverage.csv; multistudy_factor_variable_only_pairwise_shift.csv; multistudy_factor_variable_only_set_summary.csv,16,unsupervised_recurrence; measurement_robustness; multiplicity_provenance; clinical_outcome_transport,"{""clinical_outcome_transport"": 6, ""measurement_robustness"": 11, ""multiplicity_provenance"": 7, ""unsupervised_recurrence"": 12}",frozen; script version,1,37_prepare_variable_only_mofa_inputs.py,,,,,,,,,,
38,scripts/38_run_variable_only_mofapy2_multigroup.py,38_run_variable_only_mofapy2_multigroup.py,python,38-variable-only-mofapy2-multigroup-v1,89be9343bd35812086374c4948639dc611938679ddaabfe173f6368226b2eb66,36574,1150,3db7185a3d5d00924b66cf2162fcf5ed6fad41ea,2026-08-06T00:14:31-04:00,finish 40,,__future__; datetime; h5py; hashlib; importlib; itertools; json; mofapy2; mofax; numpy; pandas; pathlib; platform; sklearn; sys; typing,yes,random_state,,.hdf5; _factor_activity.csv; _factors.csv; _loadings.csv; _r2.csv; _weights.csv; multigroup_mofa_variable_only_README.txt; multigroup_mofa_variable_only_cross_set_sensitivity.csv; multigroup_mofa_variable_only_factor_activity.csv; multigroup_mofa_variable_only_model_index.csv; multigroup_mofa_variable_only_model_summary.csv; multigroup_mofa_variable_only_rank_sensitivity.csv; multigroup_mofa_variable_only_stacked_pca_baseline.csv; multigroup_mofa_variable_only_unsupervised_freeze_manifest.json; multigroup_mofa_variable_only_variance_explained.csv; multigroup_mofa_variable_only_vs_pca.csv; multistudy_factor_variable_only_manifest.json; multistudy_factor_variable_only_model_config.json; rank_sensitivity.csv,19,unsupervised_recurrence; multiplicity_provenance,"{""measurement_robustness"": 3, ""multiplicity_provenance"": 7, ""unsupervised_recurrence"": 8}",frozen; script version,1,38_run_variable_only_mofapy2_multigroup.py,,,,,,,,,,
39,scripts/39_align_variable_only_mofa.py,39_align_variable_only_mofa.py,python,39-align-variable-only-mofa-v1,c2cf9da917f84f3eda2571e9d49d315c5f9ed029620edf427ae4507347e13c1a,51216,1602,3db7185a3d5d00924b66cf2162fcf5ed6fad41ea,2026-08-06T00:14:31-04:00,finish 40,,__future__; datetime; hashlib; itertools; json; matplotlib; numpy; pandas; pathlib; typing,yes,default_rng; np.random; permutation,,GSE238110_frozen_transfer_gene_weights_strict.csv; multigroup_mofa_module_capture_rank_summary.csv; multigroup_mofa_targeted_vs_variable_only_capture.csv; multigroup_mofa_variable_only_alignment_README.txt; multigroup_mofa_variable_only_alignment_manifest.json; multigroup_mofa_variable_only_factor_activity.csv; multigroup_mofa_variable_only_factor_max_alignment_random_controls.csv; multigroup_mofa_variable_only_frozen_module_factor_alignment.csv; multigroup_mofa_variable_only_frozen_module_subspace_capture.csv; multigroup_mofa_variable_only_model_index.csv; multigroup_mofa_variable_only_model_summary.csv; multigroup_mofa_variable_only_module_capture_rank_summary.csv; multigroup_mofa_variable_only_module_cross_set_sensitivity.csv; multigroup_mofa_variable_only_module_factor_rank_summary.csv; multigroup_mofa_variable_only_representation_interpretation.csv; multigroup_mofa_variable_only_subspace_random_controls.csv; multigroup_mofa_variable_only_unsupervised_freeze_manifest.json; multistudy_factor_variable_only_model_config.json; multistudy_factor_variable_only_module_coverage.csv; variable_only_mofa_module_capture.pdf; variable_only_mofa_module_capture.png,21,predictive_specificity; measurement_robustness; multiplicity_provenance; unsupervised_recurrence,"{""clinical_outcome_transport"": 3, ""measurement_robustness"": 7, ""multiplicity_provenance"": 7, ""predictive_specificity"": 15, ""unsupervised_recurrence"": 4}",frozen; script version,1,39_align_variable_only_mofa.py,,,,,,,,,,
40,scripts/40_lock_multidimensional_transport_evidence.py,40_lock_multidimensional_transport_evidence.py,python,40-lock-multidimensional-transport-evidence-v1,504e04e1c431b9ab465e4094704c6f9a71fe9f3b0c12092df8091d3cf2e620b5,18136,410,3db7185a3d5d00924b66cf2162fcf5ed6fad41ea,2026-08-06T00:14:31-04:00,finish 40,,__future__; datetime; hashlib; json; matplotlib; numpy; pandas; pathlib,no,,,cross_cohort_conservative_preservation_classification.csv; multigroup_mofa_alignment_manifest.json; multigroup_mofa_module_representation_interpretation.csv; multigroup_mofa_variable_only_alignment_manifest.json; multigroup_mofa_variable_only_module_capture_rank_summary.csv; multigroup_mofa_variable_only_module_factor_rank_summary.csv; multigroup_mofa_variable_only_representation_interpretation.csv; paper4_assay_aware_locked_module_evidence_summary.csv; paper4_gse39055_assay_stability_classification.csv; paper4_locked_ai_novelty_claims.txt; paper4_locked_ai_representation_evidence.csv; paper4_locked_multidimensional_README.txt; paper4_locked_multidimensional_manifest.json; paper4_locked_multidimensional_results_sentences.txt; paper4_locked_multidimensional_transport_evidence.csv; paper4_locked_multidimensional_transport_typology.csv; paper4_multidimensional_transport_heatmap.pdf; paper4_multidimensional_transport_heatmap.png; paper4_projectwide_primary_multiplicity.csv,19,clinical_outcome_transport; multiplicity_provenance; measurement_robustness; molecular_representation_preservation; unsupervised_recurrence,"{""clinical_outcome_transport"": 14, ""measurement_robustness"": 10, ""molecular_representation_preservation"": 6, ""multiplicity_provenance"": 13, ""unsupervised_recurrence"": 4}",frozen; locked; script version,1,40_lock_multidimensional_transport_evidence.py,,,,,,,,,,
41,scripts/41_download_preflight_ammons_single_cell.py,41_download_preflight_ammons_single_cell.py,python,41-download-preflight-ammons-single-cell-v1,76b159b06bbc37e58786ad38b099f320f633ad2632798a36e94cc4773bebb865,20335,707,3db7185a3d5d00924b66cf2162fcf5ed6fad41ea,2026-08-06T00:14:31-04:00,finish 40,,__future__; datetime; gzip; hashlib; json; pandas; pathlib; requests; sys; typing,no,,,/dataset.json; /desc.json; /exprMatrix.tsv.gz; /meta.tsv; Ammons_scRNA_celltype_counts.csv; Ammons_scRNA_frozen_module_gene_coverage.csv; Ammons_scRNA_metadata_preflight.csv; Ammons_scRNA_preflight_README.txt; Ammons_scRNA_preflight_manifest.json; GSE238110_frozen_transfer_gene_weights_strict.csv; dataset.json; desc.json; exprMatrix.tsv.gz; meta.tsv,14,multiplicity_provenance,"{""multiplicity_provenance"": 7}",frozen; script version,2,41_download_preflight_ammons_single_cell.py; 41_download_preflight_ammons_single_cell_v2.py,,,,,,,,,,
41,scripts/41_download_preflight_ammons_single_cell_v2.py,41_download_preflight_ammons_single_cell_v2.py,python,41-download-preflight-ammons-single-cell-v2,96cbe107b2164bd8fb6685d96a12c1e8b3e826995c799b72f59bffaf4088357f,29443,1092,2e82099920ccb169527543a7435d33977f8caf71,2026-08-06T00:22:27-04:00,finish 41,,__future__; datetime; gzip; hashlib; json; pandas; pathlib; requests; sys; typing; urllib,no,,,.tsv.gz; /dataset.json; Ammons_scRNA_cellbrowser_dataset_discovery.csv; Ammons_scRNA_celltype_counts.csv; Ammons_scRNA_frozen_module_gene_coverage.csv; Ammons_scRNA_metadata_preflight.csv; Ammons_scRNA_preflight_README.txt; Ammons_scRNA_preflight_manifest.json; GSE238110_frozen_transfer_gene_weights_strict.csv; dataset.json; desc.json; exprMatrix.mtx.gz; exprMatrix.tsv.gz; matrix.mtx.gz; meta.tsv; resolved_leaf_dataset.json; resolved_leaf_desc.json,17,multiplicity_provenance,"{""multiplicity_provenance"": 7}",frozen; script version,2,41_download_preflight_ammons_single_cell.py; 41_download_preflight_ammons_single_cell_v2.py,,,,,,,,,,
42,scripts/42_score_ammons_single_cell_localization.py,42_score_ammons_single_cell_localization.py,python,42-score-ammons-single-cell-localization-v1,5f876e15aa10dca589e1a7878de26d34ca3e1a4116beeb43ef038b5b74cb641b,49438,1693,,,,,__future__; datetime; gzip; hashlib; itertools; json; matplotlib; numpy; pandas; pathlib; scipy; typing,yes,bootstrap; default_rng; np.random,,.pdf; .png; Ammons_frozen_program_cell_scores.csv.gz; Ammons_primary_frozen_gene_expression_metadata.json; Ammons_primary_frozen_gene_expression_rank_gaussian.npz; Ammons_scRNA_celltype_rank_stability.csv; Ammons_scRNA_celltype_score_summary.csv; Ammons_scRNA_dog_celltype_pseudobulk_scores.csv; Ammons_scRNA_dog_compartment_scores.csv; Ammons_scRNA_gene_celltype_localization.csv; Ammons_scRNA_l1_program_localization_heatmap.pdf; Ammons_scRNA_l1_program_localization_heatmap.png; Ammons_scRNA_localization_README.txt; Ammons_scRNA_localization_manifest.json; Ammons_scRNA_preflight_manifest.json; Ammons_scRNA_score_gene_coverage.csv; Ammons_scRNA_targeted_localization_tests.csv; GSE238110_frozen_transfer_gene_weights_strict.csv; exprMatrix.tsv.gz; meta.tsv,20,multiplicity_provenance,"{""multiplicity_provenance"": 7}",frozen; script version,1,42_score_ammons_single_cell_localization.py,,,,,,,,,,
43,scripts/43_audit_lock_ammons_single_cell.py,43_audit_lock_ammons_single_cell.py,python,43-audit-lock-ammons-single-cell-v1,770eecc5182c52fe39bb4399bb9beed83dce98d1e8d2a734797e3f2ebef04a1e,28168,806,,,,,__future__; datetime; hashlib; json; numpy; pandas; pathlib; typing,yes,bootstrap,,Ammons_orig_ident_to_dog_mapping_template.csv; Ammons_scRNA_celltype_rank_stability.csv; Ammons_scRNA_celltype_rank_stability_estimable_only.csv; Ammons_scRNA_celltype_score_summary.csv; Ammons_scRNA_celltype_score_summary_estimable_only.csv; Ammons_scRNA_localization_manifest.json; Ammons_scRNA_low_cardinality_metadata_audit.csv; Ammons_scRNA_replicate_audit_README.txt; Ammons_scRNA_replicate_audit_manifest.json; Ammons_scRNA_replicate_cell_counts.csv; Ammons_scRNA_replicate_metadata_relationships.csv; Ammons_scRNA_score_gene_coverage.csv; Ammons_scRNA_targeted_localization_tests.csv; Ammons_scRNA_targeted_sign_consistency_audit.csv; meta.tsv; paper4_locked_multidimensional_transport_evidence.csv; paper4_locked_multidimensional_transport_evidence_with_single_cell.csv; paper4_locked_single_cell_biological_localization.csv; paper4_locked_single_cell_results_sentences.txt,19,multiplicity_provenance,"{""multiplicity_provenance"": 8}",locked; script version,1,43_audit_lock_ammons_single_cell.py,,,,,,,,,,
44,scripts/44_recompute_ammons_six_dog_localization.py,44_recompute_ammons_six_dog_localization.py,python,44-recompute-ammons-six-dog-localization-v1,dbbf957c450f64138171336048dbf3c727be3dc418f3e97c3664f1aa62f4d1a0,44219,1477,,,,,__future__; datetime; hashlib; itertools; json; matplotlib; numpy; pandas; pathlib; typing,yes,bootstrap; default_rng; np.random; permutation,,Ammons_M34_signed_osteoblast_vs_immune_six_dogs.pdf; Ammons_M34_signed_osteoblast_vs_immune_six_dogs.png; Ammons_M40_signed_cycling_vs_osteoblast_six_dogs.pdf; Ammons_M40_signed_cycling_vs_osteoblast_six_dogs.png; Ammons_frozen_program_cell_scores.csv.gz; Ammons_scRNA_celltype_rank_stability_six_dogs.csv; Ammons_scRNA_celltype_score_summary_six_dogs.csv; Ammons_scRNA_confirmed_library_to_dog_mapping.csv; Ammons_scRNA_localization_manifest.json; Ammons_scRNA_score_gene_coverage.csv; Ammons_scRNA_six_dog_cell_counts.csv; Ammons_scRNA_six_dog_celltype_pseudobulk_scores.csv; Ammons_scRNA_six_dog_compartment_scores.csv; Ammons_scRNA_six_dog_localization_README.txt; Ammons_scRNA_six_dog_localization_manifest.json; Ammons_scRNA_targeted_eight_sample_vs_six_dog_comparison.csv; Ammons_scRNA_targeted_localization_tests.csv; Ammons_scRNA_targeted_localization_tests_six_dogs.csv; meta.tsv; paper4_locked_multidimensional_transport_evidence.csv; paper4_locked_multidimensional_transport_evidence_with_single_cell_six_dogs.csv; paper4_locked_single_cell_biological_localization.csv; paper4_locked_single_cell_biological_localization_six_dogs.csv; paper4_locked_single_cell_results_sentences_six_dogs.txt,24,multiplicity_provenance,"{""multiplicity_provenance"": 9}",frozen; locked; script version,1,44_recompute_ammons_six_dog_localization.py,,,,,,,,,,
45,scripts/45_dog2_pathological_necrosis_response.py,45_dog2_pathological_necrosis_response.py,python,45-dog2-pathological-necrosis-response-v1,2b1bad1324a81afc33e67334cb4b569592357104ade70471d892ce19cdfd3385,56755,1962,,,,,__future__; datetime; hashlib; json; matplotlib; numpy; pandas; pathlib; re; scipy; sklearn; typing; urllib,yes,bootstrap; default_rng; np.random; permutation; random_state; shuffle,,DOG2_M40_good_response_boxplot.pdf; DOG2_M40_good_response_boxplot.png; DOG2_M40_percent_necrosis_scatter.pdf; DOG2_M40_percent_necrosis_scatter.png; DOG2_pathological_response_M40_leave_one_out.csv; DOG2_pathological_response_M40_random_panel_distribution.csv; DOG2_pathological_response_M40_random_panel_summary.csv; DOG2_pathological_response_README.txt; DOG2_pathological_response_column_audit.csv; DOG2_pathological_response_endpoint_summary.csv; DOG2_pathological_response_frozen_program_scores.csv; DOG2_pathological_response_manifest.json; DOG2_pathological_response_primary_module_tests.csv; DOG2_pathological_response_score_coverage.csv; DOG2_pathological_response_score_variant_sensitivity.csv; GSE238110_DOG2_clinical_matched_indexed.csv; GSE238110_DOG2_expression_log2cpm_matched_allgenes.csv; GSE238110_frozen_transfer_gene_weights_strict.csv; GSE238110_frozen_transfer_program_freeze.json; GSE238110_meta_proliferation_gene_set.csv; GSE238110_meta_proliferation_score_per_sample.csv; ccr-24-1854_supplementary_table_s10_suppts10.xlsx,22,multiplicity_provenance; predictive_specificity,"{""multiplicity_provenance"": 13, ""predictive_specificity"": 12}",frozen; locked; script version,1,45_dog2_pathological_necrosis_response.py,,,,,,,,,,
46,scripts/46_gse239948_external_canine_representation.py,46_gse239948_external_canine_representation.py,python,46-gse239948-external-canine-representation-v1,54800118be6ae6befe1f18d79ffae8e8bd522fe09a907fcf0189fd6a8a87100d,39675,1411,,,,,__future__; datetime; hashlib; json; matplotlib; numpy; pandas; pathlib; re; scipy; sklearn; typing; urllib,yes,default_rng; np.random; permutation; random_state; shuffle,,GSE238110_DOG2_expression_log2cpm_matched_allgenes.csv; GSE238110_frozen_transfer_gene_weights_strict.csv; GSE238110_frozen_transfer_program_freeze.json; GSE239948_CCOGC.txt.gz; GSE239948_external_frozen_program_coverage.csv; GSE239948_external_gene_mapping.csv; GSE239948_external_input_audit.csv; GSE239948_external_module_gene_leave_one_out.csv; GSE239948_external_module_score_reliability.csv; GSE239948_external_module_structure_preservation.csv; GSE239948_external_random_panel_controls.csv; GSE239948_external_representation_README.txt; GSE239948_external_representation_classification.csv; GSE239948_external_representation_heatmap.pdf; GSE239948_external_representation_heatmap.png; GSE239948_external_representation_manifest.json; canine_validation_GSE239948_expression_log2_symbol.csv; canine_validation_GSE239948_frozen_program_scores.csv; https://ftp.ncbi.nlm.nih.gov/geo/series/GSE239nnn/GSE239948/suppl/GSE239948_CCOGC.txt.gz,19,molecular_representation_preservation; multiplicity_provenance; predictive_specificity,"{""molecular_representation_preservation"": 12, ""multiplicity_provenance"": 11, ""predictive_specificity"": 8}",frozen; script version,2,46_gse239948_external_canine_representation.py; 46_gse239948_external_canine_representation_v2.py,,,,,,,,,,
46,scripts/46_gse239948_external_canine_representation_v2.py,46_gse239948_external_canine_representation_v2.py,python,46-gse239948-external-canine-representation-v2,eade633a0d4a11419af829380a46e92dac3adf17a4d2d09c6691f6df28aca106,49436,1721,,,,,__future__; datetime; hashlib; json; matplotlib; numpy; pandas; pathlib; re; scipy; sklearn; typing; urllib,yes,default_rng; np.random; permutation; random_state; shuffle,,GSE238110_DOG2_expression_log2cpm_matched_allgenes.csv; GSE238110_frozen_transfer_gene_weights_strict.csv; GSE238110_frozen_transfer_program_freeze.json; GSE239948_CCOGC.txt.gz; GSE239948_external_frozen_program_coverage.csv; GSE239948_external_gene_mapping.csv; GSE239948_external_identifier_pair_audit.csv; GSE239948_external_input_audit.csv; GSE239948_external_module_gene_leave_one_out.csv; GSE239948_external_module_score_reliability.csv; GSE239948_external_module_structure_preservation.csv; GSE239948_external_random_panel_controls.csv; GSE239948_external_representation_README.txt; GSE239948_external_representation_classification.csv; GSE239948_external_representation_heatmap.pdf; GSE239948_external_representation_heatmap.png; GSE239948_external_representation_manifest.json; canine_validation_GSE239948_expression_log2_symbol.csv; canine_validation_GSE239948_frozen_program_scores.csv; https://ftp.ncbi.nlm.nih.gov/geo/series/GSE239nnn/GSE239948/suppl/GSE239948_CCOGC.txt.gz,20,molecular_representation_preservation; multiplicity_provenance; predictive_specificity,"{""molecular_representation_preservation"": 12, ""multiplicity_provenance"": 11, ""predictive_specificity"": 8}",frozen; script version,2,46_gse239948_external_canine_representation.py; 46_gse239948_external_canine_representation_v2.py,,,,,,,,,,
47,scripts/47_audit_and_lock_gse239948_external_canine_evidence.py,47_audit_and_lock_gse239948_external_canine_evidence.py,python,47-lock-gse239948-independent-canine-evidence-v2,6438f1a81821b4779991f420c99c7895ba590f01e18e2d87d1dd86cc99c56193,45181,1336,,,,,__future__; datetime; hashlib; json; matplotlib; numpy; pandas; pathlib; re; scipy; typing,no,,,GSE238110_DOG2_expression_log2cpm_matched_allgenes.csv; GSE238110_frozen_transfer_gene_weights_strict.csv; GSE239948_DOG2_exact_sample_identifier_overlap.csv; GSE239948_DOG2_expression_fingerprint_gene_audit.csv; GSE239948_DOG2_expression_fingerprint_nearest_neighbors.csv; GSE239948_DOG2_independence_summary.csv; GSE239948_DOG2_sample_identifier_audit.csv; GSE239948_external_frozen_program_coverage.csv; GSE239948_external_module_score_reliability.csv; GSE239948_external_module_structure_preservation.csv; GSE239948_external_random_panel_controls.csv; GSE239948_external_representation_classification.csv; GSE239948_external_representation_manifest.json; GSE239948_locked_representation_metrics.pdf; GSE239948_locked_representation_metrics.png; canine_validation_GSE239948_expression_log2_symbol.csv; canine_validation_GSE239948_frozen_program_scores.csv; paper4_external_canine_evidence_README.txt; paper4_external_canine_evidence_manifest.json; paper4_locked_external_canine_results_sentences.txt; paper4_locked_independent_canine_representation.csv; paper4_locked_multidimensional_transport_evidence.csv; paper4_locked_multidimensional_transport_evidence_with_single_cell_and_external_canine.csv; paper4_locked_multidimensional_transport_evidence_with_single_cell_six_dogs.csv,24,molecular_representation_preservation; multiplicity_provenance; predictive_specificity; clinical_outcome_transport,"{""clinical_outcome_transport"": 5, ""molecular_representation_preservation"": 16, ""multiplicity_provenance"": 13, ""predictive_specificity"": 8}",frozen; locked; script version,1,47_audit_and_lock_gse239948_external_canine_evidence.py,,,,,,,,,,
48,scripts/48_gse39055_pathological_necrosis_response.py,48_gse39055_pathological_necrosis_response.py,python,48-gse39055-pathological-necrosis-response-v1,031ef4c5925389f802d7f17c9c498264e4bd7ef2973ab828a62f1d4e1f85251a,40044,1201,,,,,__future__; datetime; hashlib; json; matplotlib; numpy; pandas; pathlib; scipy; sklearn; typing,yes,bootstrap; default_rng; np.random; permutation,,GSE238110_frozen_canine_transfer_program_manifest.csv; GSE39055_M40_good_response_boxplot.pdf; GSE39055_M40_good_response_boxplot.png; GSE39055_M40_percent_necrosis_scatter.pdf; GSE39055_M40_percent_necrosis_scatter.png; GSE39055_assay_quality_diagnostic_manifest.json; GSE39055_clinical_standardized.csv; GSE39055_detection_aware_frozen_scores.csv; GSE39055_detection_aware_module_coverage.csv; GSE39055_frozen_transfer_scores.csv; GSE39055_necrosis_M40_assay_rule_sensitivity.csv; GSE39055_necrosis_M40_comparator_sensitivity.csv; GSE39055_necrosis_M40_leave_one_out.csv; GSE39055_necrosis_M40_score_correlations.csv; GSE39055_necrosis_analysis_README.txt; GSE39055_necrosis_analysis_manifest.json; GSE39055_necrosis_analysis_summary.csv; GSE39055_necrosis_primary_exploratory.csv,18,multiplicity_provenance; measurement_robustness,"{""clinical_outcome_transport"": 3, ""measurement_robustness"": 7, ""multiplicity_provenance"": 13}",frozen; locked; script version,1,48_gse39055_pathological_necrosis_response.py,,,,,,,,,,
49,scripts/49_gse239948_blind_de_novo_rediscovery.py,49_gse239948_blind_de_novo_rediscovery.py,python,49-gse239948-blind-de-novo-rediscovery-v1,97ff6c046e732a01dedd949b37d35d221ef2163deafe3600261dd1034cc677b5,27280,752,,,,,datetime; hashlib; json; math; numpy; pandas; pathlib; scipy; warnings,yes,default_rng; np.random,,GSE238110_frozen_transfer_gene_weights_strict.csv; GSE239948_blind_de_novo_rediscovery_README.txt; GSE239948_blind_de_novo_rediscovery_manifest.json; GSE239948_blind_discovered_module_membership.csv; GSE239948_blind_discovered_module_subsample_stability.csv; GSE239948_blind_discovered_module_summary.csv; GSE239948_blind_discovery_gene_universe.csv; GSE239948_blind_frozen_program_random_controls.csv; GSE239948_blind_frozen_program_rediscovery.csv; canine_validation_GSE239948_expression_log2_symbol.csv; paper4_external_canine_evidence_manifest.json; paper4_locked_independent_canine_representation.csv,12,multiplicity_provenance; predictive_specificity; unsupervised_recurrence,"{""multiplicity_provenance"": 9, ""predictive_specificity"": 8, ""unsupervised_recurrence"": 7}",frozen; locked; script version,2,49_gse239948_blind_de_novo_rediscovery.py; 49_gse239948_blind_de_novo_rediscovery_FIXED_V2.py,,,,,,,,,,
49,scripts/49_gse239948_blind_de_novo_rediscovery_FIXED_V2.py,49_gse239948_blind_de_novo_rediscovery_FIXED_V2.py,python,49-gse239948-blind-de-novo-rediscovery-v2,40540bd7f10f7eb1c8f9bbf4822c54c0ee74d6e12e657b1277c7efae0f4d2247,29105,796,,,,,datetime; hashlib; json; math; numpy; pandas; pathlib; scipy; warnings,yes,default_rng; np.random,,GSE238110_frozen_transfer_gene_weights_strict.csv; GSE239948_blind_de_novo_rediscovery_README.txt; GSE239948_blind_de_novo_rediscovery_manifest.json; GSE239948_blind_discovered_module_membership.csv; GSE239948_blind_discovered_module_subsample_stability.csv; GSE239948_blind_discovered_module_summary.csv; GSE239948_blind_discovery_gene_universe.csv; GSE239948_blind_frozen_program_random_controls.csv; GSE239948_blind_frozen_program_rediscovery.csv; canine_validation_GSE239948_expression_log2_symbol.csv; paper4_external_canine_evidence_manifest.json; paper4_locked_independent_canine_representation.csv,12,multiplicity_provenance; predictive_specificity; unsupervised_recurrence,"{""multiplicity_provenance"": 9, ""predictive_specificity"": 8, ""unsupervised_recurrence"": 7}",frozen; locked; script version,2,49_gse239948_blind_de_novo_rediscovery.py; 49_gse239948_blind_de_novo_rediscovery_FIXED_V2.py,,,,,,,,,,
50,scripts/50_wgcna_module_preservation_benchmark.py,50_wgcna_module_preservation_benchmark.py,python,50-wgcna-module-preservation-benchmark-v1,8cedf0d01844c9366ec655fea2c20a3a60758ede99b494ec974cfbaf4f2fe83b,24670,738,,,,,datetime; glob; hashlib; json; numpy; os; pandas; pathlib; shutil; subprocess; sys; tempfile,yes,permutation; set.seed,,GSE238110_DOG2_expression_log2cpm_matched_allgenes.csv; GSE238110_frozen_transfer_gene_weights_strict.csv; GSE239948_WGCNA_module_preservation_README.txt; GSE239948_WGCNA_module_preservation_input_universe.csv; GSE239948_WGCNA_module_preservation_manifest.json; GSE239948_WGCNA_module_preservation_signed.csv; GSE239948_blind_de_novo_rediscovery_manifest.json; GSE239948_blind_frozen_program_rediscovery.csv; canine_validation_GSE239948_expression_log2_symbol.csv; module_colors.csv; paper4_GSE239948_preservation_method_concordance.csv; paper4_external_canine_evidence_manifest.json; paper4_locked_independent_canine_representation.csv; reference_expression.csv; test_expression.csv; wgcna_raw_results.csv,16,molecular_representation_preservation; multiplicity_provenance; unsupervised_recurrence,"{""molecular_representation_preservation"": 18, ""multiplicity_provenance"": 11, ""unsupervised_recurrence"": 7}",frozen; locked; script version,1,50_wgcna_module_preservation_benchmark.py,,,,,,,,,,
51,scripts/51_final_lock_external_canine_triangulation.py,51_final_lock_external_canine_triangulation.py,python,51-final-lock-external-canine-triangulation-v1,5b4787b5c1ba8202bf41c133e179f07a676518f7b6165cfc76bbc2d89a14babc,32219,856,,,,,__future__; datetime; hashlib; json; numpy; pandas; pathlib; typing,yes,permutation,,GSE239948_WGCNA_module_preservation_manifest.json; GSE239948_WGCNA_module_preservation_signed.csv; GSE239948_blind_de_novo_rediscovery_manifest.json; GSE239948_blind_frozen_program_rediscovery.csv; GSE39055_necrosis_primary_exploratory.csv; paper4_GSE239948_preservation_method_concordance.csv; paper4_external_canine_evidence_manifest.json; paper4_final_analysis_lock_README.txt; paper4_final_analysis_lock_manifest.json; paper4_locked_external_canine_triangulation.csv; paper4_locked_final_claim_guardrails.txt; paper4_locked_final_module_interpretation.csv; paper4_locked_final_results_sentences.txt; paper4_locked_independent_canine_representation.csv; paper4_locked_multidimensional_transport_evidence.csv; paper4_locked_multidimensional_transport_evidence_final.csv; paper4_locked_multidimensional_transport_evidence_with_single_cell_and_external_canine.csv; paper4_locked_multidimensional_transport_evidence_with_single_cell_six_dogs.csv,18,molecular_representation_preservation; clinical_outcome_transport; multiplicity_provenance; unsupervised_recurrence; predictive_specificity,"{""clinical_outcome_transport"": 14, ""measurement_robustness"": 3, ""molecular_representation_preservation"": 21, ""multiplicity_provenance"": 13, ""predictive_specificity"": 4, ""unsupervised_recurrence"": 12}",final lock; frozen; locked; script version,1,51_final_lock_external_canine_triangulation.py,,,,,,,,,,
52,scripts/52_generate_final_paper4_manuscript_assets.py,52_generate_final_paper4_manuscript_assets.py,python,52-generate-final-paper4-manuscript-assets-v1,95398b1984c439696639d49adca12029ed0cbfd09a182e284df12a4a4028af18,44830,1236,,,,,__future__; datetime; hashlib; json; matplotlib; numpy; pandas; pathlib; typing,no,,,.pdf; .png; GSE21257_metastasis_primary_frozen_program_validation.csv; GSE39055_RFS_primary_frozen_program_validation.csv; Paper4_final_external_canine_triangulation_table.csv; Paper4_final_figure_captions.txt; Paper4_final_human_primary_outcomes_table.csv; Paper4_final_main_results_table.csv; Paper4_final_manuscript_assets_README.txt; Paper4_final_manuscript_assets_manifest.json; Paper4_final_representation_outcome_typology_table.csv; Paper4_final_results_section_outline.txt; TARGET_OS_primary_frozen_program_validation.csv; cross_cohort_conservative_preservation_classification.csv; paper4_assay_aware_locked_module_evidence_summary.csv; paper4_final_analysis_lock_manifest.json; paper4_locked_external_canine_triangulation.csv; paper4_locked_final_module_interpretation.csv; paper4_locked_multidimensional_transport_evidence_final.csv; paper4_projectwide_primary_multiplicity.csv; paper4_representation_outcome_decoupling_typology.csv,21,clinical_outcome_transport; multiplicity_provenance; molecular_representation_preservation; unsupervised_recurrence; measurement_robustness; predictive_specificity,"{""clinical_outcome_transport"": 25, ""measurement_robustness"": 13, ""molecular_representation_preservation"": 17, ""multiplicity_provenance"": 21, ""predictive_specificity"": 4, ""unsupervised_recurrence"": 16}",final lock; frozen; locked; script version,1,52_generate_final_paper4_manuscript_assets.py,,,,,,,,,,
53,scripts/53_generate_paper4_manuscript_draft.py,53_generate_paper4_manuscript_draft.py,python,53-generate-paper4-manuscript-draft-v1,676edd33affeaf41671b11c534a4fbe7943f3c92ba81cb77a96140c9a29f7700,49632,856,,,,,__future__; datetime; hashlib; json; numpy; pandas; pathlib; typing,yes,permutation,,Paper4_authorship_and_submission_checklist.txt; Paper4_claim_matrix.csv; Paper4_final_external_canine_triangulation_table.csv; Paper4_final_figure_captions.txt; Paper4_final_human_primary_outcomes_table.csv; Paper4_final_main_results_table.csv; Paper4_final_manuscript_assets_manifest.json; Paper4_final_representation_outcome_typology_table.csv; Paper4_final_results_section_outline.txt; Paper4_highlights.txt; Paper4_manuscript_draft_manifest.json; Paper4_title_options.txt; paper4_final_analysis_lock_manifest.json; paper4_locked_final_module_interpretation.csv,14,clinical_outcome_transport; molecular_representation_preservation; multiplicity_provenance; unsupervised_recurrence; measurement_robustness; predictive_specificity,"{""clinical_outcome_transport"": 29, ""measurement_robustness"": 17, ""molecular_representation_preservation"": 28, ""multiplicity_provenance"": 24, ""predictive_specificity"": 10, ""unsupervised_recurrence"": 20}",final lock; frozen; locked; script version,1,53_generate_paper4_manuscript_draft.py,,,,,,,,,,
