script,function,start_line,end_line,signals
scripts/21_finalize_canine_transfer_programs_FIXED_V2.py,bootstrap_mean_ci,177,185,mean
scripts/21_finalize_canine_transfer_programs_FIXED_V2.py,corrected_repeated_kfold_ttest,188,218,mean
scripts/21_finalize_canine_transfer_programs_FIXED_V2.py,repeat_level_scores,221,238,
scripts/21_finalize_canine_transfer_programs_FIXED_V2.py,summarize_paired_values,241,262,mean;std
scripts/21_finalize_canine_transfer_programs_FIXED_V2.py,build_model_contrasts,265,391,mean
scripts/21_finalize_canine_transfer_programs_FIXED_V2.py,detect_module_columns,410,417,
scripts/21_finalize_canine_transfer_programs_FIXED_V2.py,get_module_score_mapping,435,443,
scripts/21_finalize_canine_transfer_programs_FIXED_V2.py,build_module_gene_map,457,478,
scripts/21_finalize_canine_transfer_programs_FIXED_V2.py,detect_ortholog_columns,481,496,
scripts/21_finalize_canine_transfer_programs_FIXED_V2.py,standardize_expression,499,507,mean;std;zscore
scripts/21_finalize_canine_transfer_programs_FIXED_V2.py,safe_corr,510,514,std;correlation
scripts/21_finalize_canine_transfer_programs_FIXED_V2.py,endpoint_module_row,517,532,
scripts/21_finalize_canine_transfer_programs_FIXED_V2.py,build_weights_and_manifest,554,778,zscore;loadings
scripts/21_finalize_canine_transfer_programs_FIXED_V2.py,deduplicate_human_weights,781,797,weights
scripts/21_finalize_canine_transfer_programs_FIXED_V2.py,write_gmt,800,808,weights
scripts/21_finalize_canine_transfer_programs_FIXED_V2.py,build_scoring_specification,811,865,zscore;weights;loadings;direction;coverage
scripts/21_finalize_canine_transfer_programs_FIXED_V2.py,write_readme,876,909,weights;loadings;direction
scripts/21_finalize_canine_transfer_programs_FIXED_V2.py,main,912,1113,weights;direction;coverage
scripts/22_prepare_human_osteosarcoma_cohorts.py,verify_frozen_inputs,146,195,weights
scripts/22_prepare_human_osteosarcoma_cohorts.py,standardize_target_clinical,517,610,zscore
scripts/22_prepare_human_osteosarcoma_cohorts.py,prepare_gse21257,734,818,loadings
scripts/22_prepare_human_osteosarcoma_cohorts.py,zscore_columns,821,827,mean;std
scripts/22_prepare_human_osteosarcoma_cohorts.py,zscore_series,830,835,mean;std
scripts/22_prepare_human_osteosarcoma_cohorts.py,safe_corr,838,842,std;correlation
scripts/22_prepare_human_osteosarcoma_cohorts.py,human_cohort_pc1,845,854,correlation
scripts/22_prepare_human_osteosarcoma_cohorts.py,compute_module_scores,857,930,mean;weights;direction;coverage
scripts/22_prepare_human_osteosarcoma_cohorts.py,detect_ortholog_columns,933,945,
scripts/22_prepare_human_osteosarcoma_cohorts.py,build_strict_human_proliferation_mapping,956,995,
scripts/22_prepare_human_osteosarcoma_cohorts.py,compute_proliferation_scores,998,1074,mean
scripts/22_prepare_human_osteosarcoma_cohorts.py,residualize_outcome_blind,1077,1085,std;matrix_product
scripts/22_prepare_human_osteosarcoma_cohorts.py,add_m40_residual_scores,1088,1106,
scripts/22_prepare_human_osteosarcoma_cohorts.py,merge_score_components,1109,1119,
scripts/22_prepare_human_osteosarcoma_cohorts.py,write_readme,1122,1124,weights;direction
scripts/22_prepare_human_osteosarcoma_cohorts.py,print_coverage_summary,1193,1214,coverage
scripts/22_prepare_human_osteosarcoma_cohorts.py,main,1217,1427,zscore;weights
scripts/23_external_human_validation.py,standardize_series,166,171,mean;std;zscore
scripts/23_external_human_validation.py,clean_scores,174,179,
scripts/23_external_human_validation.py,fit_cox_score,218,322,std;zscore;rank
scripts/23_external_human_validation.py,fit_logistic_score,351,449,std;zscore
scripts/23_external_human_validation.py,build_target_adjustment_covariates,467,481,zscore
scripts/23_external_human_validation.py,build_gse_adjustment_covariates,484,490,zscore
scripts/23_external_human_validation.py,score_column,499,500,
scripts/23_external_human_validation.py,run_secondary_programs,627,664,
scripts/23_external_human_validation.py,run_score_variant_sensitivity,667,721,
scripts/23_external_human_validation.py,strict_ortholog_universe,798,814,
scripts/23_external_human_validation.py,zscore_expression,817,826,mean;std
scripts/23_external_human_validation.py,assign_expression_bins,829,855,mean;rank
scripts/23_external_human_validation.py,random_control_for_module,886,965,mean;zscore;direction
scripts/23_external_human_validation.py,write_readme,1082,1116,weights;direction
scripts/23_external_human_validation.py,save_manifest,1119,1146,weights;direction
scripts/23_external_human_validation.py,main,1186,1316,weights;direction
scripts/25_prepare_gse39055_third_human_cohort.py,prepare_gse39055,238,358,loadings
scripts/25_prepare_gse39055_third_human_cohort.py,zscore_columns,361,367,mean;std
scripts/25_prepare_gse39055_third_human_cohort.py,zscore_series,370,375,mean;std
scripts/25_prepare_gse39055_third_human_cohort.py,safe_corr,378,382,std;correlation
scripts/25_prepare_gse39055_third_human_cohort.py,human_cohort_pc1,385,397,correlation
scripts/25_prepare_gse39055_third_human_cohort.py,compute_module_scores,400,484,mean;weights;direction;coverage
scripts/25_prepare_gse39055_third_human_cohort.py,compute_proliferation_scores,487,581,mean
scripts/25_prepare_gse39055_third_human_cohort.py,residualize_outcome_blind,584,605,std;matrix_product
scripts/25_prepare_gse39055_third_human_cohort.py,merge_score_components,608,638,
scripts/25_prepare_gse39055_third_human_cohort.py,create_manifest,641,690,weights;direction
scripts/25_prepare_gse39055_third_human_cohort.py,main,719,891,weights;direction;coverage
scripts/26_validate_gse39055_rfs.py,zscore_series,129,134,mean;std
scripts/26_validate_gse39055_rfs.py,fit_cox,165,232,std;rank
scripts/26_validate_gse39055_rfs.py,bootstrap_probability_coef_positive,313,344,mean
scripts/26_validate_gse39055_rfs.py,score_variant_sensitivity,583,611,coverage
scripts/26_validate_gse39055_rfs.py,leave_one_out_stability,614,653,mean
scripts/26_validate_gse39055_rfs.py,expression_bins,656,679,mean;std
scripts/26_validate_gse39055_rfs.py,random_gene_set_controls,719,838,mean;std;weights;loadings;direction
scripts/26_validate_gse39055_rfs.py,create_manifest,925,960,direction
scripts/26_validate_gse39055_rfs.py,write_readme,963,992,weights;direction
scripts/26_validate_gse39055_rfs.py,main,995,1208,weights;direction;coverage
scripts/28_conservative_module_preservation_audit.py,zscore_matrix,103,109,mean;std
scripts/28_conservative_module_preservation_audit.py,safe_spearman,112,118,std
scripts/28_conservative_module_preservation_audit.py,safe_pearson,121,127,std
scripts/28_conservative_module_preservation_audit.py,orient_pc1_to_frozen_score,135,157,mean;loadings;matrix_product;correlation
scripts/28_conservative_module_preservation_audit.py,align_module_matrices,160,201,weights
scripts/28_conservative_module_preservation_audit.py,correlation_edge_audit,204,271,mean;direction
scripts/28_conservative_module_preservation_audit.py,loading_audit,274,332,mean;direction
scripts/28_conservative_module_preservation_audit.py,unique_small_module_splits,335,345,
scripts/28_conservative_module_preservation_audit.py,random_large_module_splits,348,368,
scripts/28_conservative_module_preservation_audit.py,disjoint_split_half_reliability,371,421,mean;direction
scripts/28_conservative_module_preservation_audit.py,main,464,738,weights;loadings;direction;correlation
scripts/31_gse39055_assay_quality_diagnostic_v2.py,build_probe_quality,340,373,mean;std
scripts/31_gse39055_assay_quality_diagnostic_v2.py,zscore_columns,456,462,mean;std
scripts/31_gse39055_assay_quality_diagnostic_v2.py,zscore_series,465,470,mean;std
scripts/31_gse39055_assay_quality_diagnostic_v2.py,fit_cox_score,548,610,std
scripts/31_gse39055_assay_quality_diagnostic_v2.py,compute_module_scores,613,722,mean;weights;loadings;direction
scripts/31_gse39055_assay_quality_diagnostic_v2.py,score_correlations_with_locked,725,769,std;correlation
scripts/31_gse39055_assay_quality_diagnostic_v2.py,run_score_rfs_sensitivity,772,808,
scripts/31_gse39055_assay_quality_diagnostic_v2.py,build_sample_quality,811,879,mean;weights
scripts/31_gse39055_assay_quality_diagnostic_v2.py,run_sample_quality_endpoint_diagnostics,882,999,std
scripts/31_gse39055_assay_quality_diagnostic_v2.py,run_canonical_gene_audit,1060,1188,weights;loadings;direction
scripts/31_gse39055_assay_quality_diagnostic_v2.py,build_module_summary,1191,1325,mean;direction;coverage
scripts/31_gse39055_assay_quality_diagnostic_v2.py,interpretation,1283,1319,direction;coverage
scripts/31_gse39055_assay_quality_diagnostic_v2.py,write_readme,1328,1364,weights;direction
scripts/31_gse39055_assay_quality_diagnostic_v2.py,create_manifest,1367,1409,loadings
scripts/31_gse39055_assay_quality_diagnostic_v2.py,main,1412,1771,mean;weights;loadings;direction;coverage
scripts/42_score_ammons_single_cell_localization.py,read_inputs,170,224,weights
scripts/42_score_ammons_single_cell_localization.py,extract_selected_expression,243,298,mean
scripts/42_score_ammons_single_cell_localization.py,rank_gaussian_transform,301,329,std
scripts/42_score_ammons_single_cell_localization.py,build_score_weights,332,404,weights;loadings
scripts/42_score_ammons_single_cell_localization.py,weighted_component,407,431,weights;matrix_product
scripts/42_score_ammons_single_cell_localization.py,calculate_cell_scores,434,468,loadings;direction
scripts/42_score_ammons_single_cell_localization.py,aggregate_scores,504,537,mean
scripts/42_score_ammons_single_cell_localization.py,exact_sign_flip_test,540,590,mean
scripts/42_score_ammons_single_cell_localization.py,bootstrap_mean_ci,593,613,mean
scripts/42_score_ammons_single_cell_localization.py,targeted_tests,673,749,loadings;direction
scripts/42_score_ammons_single_cell_localization.py,build_celltype_summary,752,811,mean
scripts/42_score_ammons_single_cell_localization.py,rank_stability,814,917,mean
scripts/42_score_ammons_single_cell_localization.py,gene_celltype_localization,920,991,mean;weights
scripts/42_score_ammons_single_cell_localization.py,create_heatmap,994,1075,direction
scripts/42_score_ammons_single_cell_localization.py,write_readme,1128,1186,loadings;direction;coverage;rank
scripts/42_score_ammons_single_cell_localization.py,main,1189,1688,mean;weights;loadings;direction;coverage;rank
scripts/44_recompute_ammons_six_dog_localization.py,exact_sign_flip_test,179,207,mean
scripts/44_recompute_ammons_six_dog_localization.py,bootstrap_mean_ci,210,230,mean
scripts/44_recompute_ammons_six_dog_localization.py,estimable_score_columns,233,252,coverage
scripts/44_recompute_ammons_six_dog_localization.py,validate_six_dog_mapping,255,308,
scripts/44_recompute_ammons_six_dog_localization.py,aggregate_scores,369,399,mean
scripts/44_recompute_ammons_six_dog_localization.py,targeted_tests,483,549,loadings;direction
scripts/44_recompute_ammons_six_dog_localization.py,celltype_summary,552,611,mean
scripts/44_recompute_ammons_six_dog_localization.py,rank_stability,614,716,mean
scripts/44_recompute_ammons_six_dog_localization.py,build_locked_single_cell,799,946,loadings;direction
scripts/44_recompute_ammons_six_dog_localization.py,write_sentences,1001,1067,direction
scripts/44_recompute_ammons_six_dog_localization.py,write_readme,1070,1111,direction
scripts/44_recompute_ammons_six_dog_localization.py,main,1114,1472,direction;coverage
scripts/46_gse239948_external_canine_representation_v2.py,sample_columns,235,262,mean
scripts/46_gse239948_external_canine_representation_v2.py,frozen_identifier_columns,328,356,weights
scripts/46_gse239948_external_canine_representation_v2.py,identifier_pair_audit,359,478,weights
scripts/46_gse239948_external_canine_representation_v2.py,remap_reference_expression,552,612,weights
scripts/46_gse239948_external_canine_representation_v2.py,choose_transform,613,641,mean
scripts/46_gse239948_external_canine_representation_v2.py,zscore_columns,644,649,mean;std
scripts/46_gse239948_external_canine_representation_v2.py,loading_permutation_p,687,710,
scripts/46_gse239948_external_canine_representation_v2.py,frozen_signed_score,713,723,mean;loadings;direction
scripts/46_gse239948_external_canine_representation_v2.py,split_half_reliability,726,782,loadings;correlation
scripts/46_gse239948_external_canine_representation_v2.py,gene_leave_one_out,785,819,loadings;correlation
scripts/46_gse239948_external_canine_representation_v2.py,analyze_module,822,984,weights;correlation;coverage
scripts/46_gse239948_external_canine_representation_v2.py,variability_bins,987,1007,rank
scripts/46_gse239948_external_canine_representation_v2.py,random_panel_controls,1010,1147,weights
scripts/46_gse239948_external_canine_representation_v2.py,classify_results,1150,1239,loadings
scripts/46_gse239948_external_canine_representation_v2.py,create_heatmap,1242,1290,loadings
scripts/46_gse239948_external_canine_representation_v2.py,write_readme,1293,1342,zscore;loadings;direction;correlation
scripts/46_gse239948_external_canine_representation_v2.py,main,1345,1716,mean;std;weights;loadings;direction;coverage
scripts/49_gse239948_blind_de_novo_rediscovery_FIXED_V2.py,select_discovery_universe,122,137,rank
scripts/49_gse239948_blind_de_novo_rediscovery_FIXED_V2.py,rank_transform,147,155,mean;std;rank
scripts/49_gse239948_blind_de_novo_rediscovery_FIXED_V2.py,spearman_gene_correlation,166,181,matrix_product;correlation
scripts/49_gse239948_blind_de_novo_rediscovery_FIXED_V2.py,cluster_expression,184,219,correlation
scripts/49_gse239948_blind_de_novo_rediscovery_FIXED_V2.py,summarize_modules,222,238,mean;correlation
scripts/49_gse239948_blind_de_novo_rediscovery_FIXED_V2.py,module_sets_from_labels,241,245,
scripts/49_gse239948_blind_de_novo_rediscovery_FIXED_V2.py,best_set_match,258,287,coverage
scripts/49_gse239948_blind_de_novo_rediscovery_FIXED_V2.py,subsample_stability,290,347,mean;coverage
scripts/49_gse239948_blind_de_novo_rediscovery_FIXED_V2.py,find_canine_gene_column,350,354,weights
scripts/49_gse239948_blind_de_novo_rediscovery_FIXED_V2.py,frozen_gene_sets,357,367,weights
scripts/49_gse239948_blind_de_novo_rediscovery_FIXED_V2.py,make_variance_bins,389,395,rank
scripts/49_gse239948_blind_de_novo_rediscovery_FIXED_V2.py,rediscovery_analysis,428,548,mean;weights;coverage
scripts/49_gse239948_blind_de_novo_rediscovery_FIXED_V2.py,create_readme,551,588,correlation;coverage
scripts/49_gse239948_blind_de_novo_rediscovery_FIXED_V2.py,main,633,791,weights;coverage
