relative_path,filename,suffix,size_bytes,sha256,category,candidate_priority,declared_script,declared_script_version,selected_for_reference_registry,notes
results/tables/Ammons_scRNA_cellbrowser_dataset_discovery.csv,Ammons_scRNA_cellbrowser_dataset_discovery.csv,.csv,1267,042f65abf10bd6c4ceb1ce0bc6f47ca7661bad1114fcbbc6c7a271b31d3b1b3d,single_cell,low,,,,
results/tables/Ammons_scRNA_celltype_counts.csv,Ammons_scRNA_celltype_counts.csv,.csv,4592,6920e32b75bf90c38e912675f8d0293cb80f8578b54120a1b072e0bc2f067ecf,single_cell,low,,,,
results/tables/Ammons_scRNA_celltype_rank_stability.csv,Ammons_scRNA_celltype_rank_stability.csv,.csv,67028,07f8337eeaa33e59bef505b9e931fc6645464313f084e03d35de5ce507d7c70e,single_cell,low,,,,
results/tables/Ammons_scRNA_celltype_rank_stability_estimable_only.csv,Ammons_scRNA_celltype_rank_stability_estimable_only.csv,.csv,55236,da630218544b382da663c8e90b21c81675e880be1cdd8eab2dd3e91a4ecd6f00,single_cell,low,,,,
results/tables/Ammons_scRNA_celltype_rank_stability_six_dogs.csv,Ammons_scRNA_celltype_rank_stability_six_dogs.csv,.csv,55881,5b0af4bcf4c1e80c506d9b62a458458e7ddab6e1d04855b428557e72271fbd66,single_cell,medium,,,,
results/tables/Ammons_scRNA_celltype_score_summary.csv,Ammons_scRNA_celltype_score_summary.csv,.csv,148830,bb9722efe5fd8461f5d4fb5837659d4fe9d8a79a470243c73a096fc2c6fddf1f,single_cell,low,,,,
results/tables/Ammons_scRNA_celltype_score_summary_estimable_only.csv,Ammons_scRNA_celltype_score_summary_estimable_only.csv,.csv,143309,ed8c017e46ad39e99c2578870a60b02aa9814740103dd574648238d38152ba3e,single_cell,low,,,,
results/tables/Ammons_scRNA_celltype_score_summary_six_dogs.csv,Ammons_scRNA_celltype_score_summary_six_dogs.csv,.csv,147450,ea1675623fe6c9da7370ccbca8ad1ff0d9546957f0bcef25923a4ae7831b3ea9,single_cell,medium,,,,
results/tables/Ammons_scRNA_confirmed_library_to_dog_mapping.csv,Ammons_scRNA_confirmed_library_to_dog_mapping.csv,.csv,251,19432f4696ef8fd4e11f598f8fd4fe8b793d8edc9e396489e35ad0b4d326c08e,single_cell,low,,,,
results/tables/Ammons_scRNA_dog_celltype_pseudobulk_scores.csv,Ammons_scRNA_dog_celltype_pseudobulk_scores.csv,.csv,186462,53f917ddd151c65d21da54b0668e68cc31b7bdb03b25fe13217384f31dbe6195,single_cell,low,,,,
results/tables/Ammons_scRNA_dog_compartment_scores.csv,Ammons_scRNA_dog_compartment_scores.csv,.csv,13234,f9a7cc1ab8807db12f791543a4f0ec9b39da7066d670df01789676c9506a0041,single_cell,low,,,,
results/tables/Ammons_scRNA_frozen_module_gene_coverage.csv,Ammons_scRNA_frozen_module_gene_coverage.csv,.csv,2168,859d00427e3eb75efd2737436ac2f0bcb2b517cf9d45018c34bd87dd2391ac24,single_cell,low,,,,
results/tables/Ammons_scRNA_gene_celltype_localization.csv,Ammons_scRNA_gene_celltype_localization.csv,.csv,594519,44ff18ea215ed9175077c86d361baa0126471f2cd1c8d4d7393ac67c74859aa1,single_cell,low,,,,
results/tables/Ammons_scRNA_localization_manifest.json,Ammons_scRNA_localization_manifest.json,.json,8747,8fab4af51f41ce6f178e5a98075897f3411602ec4a5450e2ea567d99d41fdbef,single_cell,high,,42-score-ammons-single-cell-localization-v1,,
results/tables/Ammons_scRNA_localization_README.txt,Ammons_scRNA_localization_README.txt,.txt,5840,d257d05b67e7ba75d5fe2479faed73892ace84449b16d8c42195004424e5de3f,single_cell,low,,,,
results/tables/Ammons_scRNA_low_cardinality_metadata_audit.csv,Ammons_scRNA_low_cardinality_metadata_audit.csv,.csv,586,f9990fb2e88c978a34b4fdaae507028f8b4abd501239dbe11a8140641ba58f4f,single_cell,low,,,,
results/tables/Ammons_scRNA_metadata_preflight.csv,Ammons_scRNA_metadata_preflight.csv,.csv,1130,b241e5075c9bb7183d272aae9dd42922ac9ba7960796b04c272ef1bfc1bb42f0,single_cell,low,,,,
results/tables/Ammons_scRNA_preflight_manifest.json,Ammons_scRNA_preflight_manifest.json,.json,3505,0b71df86e7a63945f48e32ebba64252a9335e776c0bf55f2900db4204c38e163,single_cell,high,,41-download-preflight-ammons-single-cell-v2,,
results/tables/Ammons_scRNA_preflight_README.txt,Ammons_scRNA_preflight_README.txt,.txt,1185,3897b7c65e98aa392d473a8bd164116faf0d130fdbeb6af1da9dababd406dce9,single_cell,low,,,,
results/tables/Ammons_scRNA_replicate_audit_manifest.json,Ammons_scRNA_replicate_audit_manifest.json,.json,5084,7a228ef1ebd47210a6144992e10fd4fd1fdbe5315aa362c2717125dba0415e1d,single_cell,high,,43-audit-lock-ammons-single-cell-v1,,
results/tables/Ammons_scRNA_replicate_audit_README.txt,Ammons_scRNA_replicate_audit_README.txt,.txt,1817,ac60f985ecffea4c788b7ab1c5bb4ec36f2ecdaf4797e75b4ab0bf6ef314db18,single_cell,low,,,,
results/tables/Ammons_scRNA_replicate_cell_counts.csv,Ammons_scRNA_replicate_cell_counts.csv,.csv,441,7dd5b0a00a71630e4d6a196c4870687ec892883310fdb0a064134efdc9fbf93b,single_cell,low,,,,
results/tables/Ammons_scRNA_replicate_metadata_relationships.csv,Ammons_scRNA_replicate_metadata_relationships.csv,.csv,289,df5532e6c3121934cc1d4c9b9b109bfb9fea99dba25d39ebf12e643472c64c14,single_cell,low,,,,
results/tables/Ammons_scRNA_score_gene_coverage.csv,Ammons_scRNA_score_gene_coverage.csv,.csv,502,13ae84b614bc12dd08ef47485a5cf70ff56c74df6c43ca91d7806ee3a283cf49,single_cell,low,,,,
results/tables/Ammons_scRNA_six_dog_cell_counts.csv,Ammons_scRNA_six_dog_cell_counts.csv,.csv,227,92951d6b30a238b3856e009afe7c64427eba895959a003418ca0f78d08e9fe0c,single_cell,medium,,,,
results/tables/Ammons_scRNA_six_dog_celltype_pseudobulk_scores.csv,Ammons_scRNA_six_dog_celltype_pseudobulk_scores.csv,.csv,153024,976007babfc4f6f407a40d673c8a6fe4bb0317c8ddaf66b82970a67de174adf6,single_cell,medium,,,,
results/tables/Ammons_scRNA_six_dog_compartment_scores.csv,Ammons_scRNA_six_dog_compartment_scores.csv,.csv,10894,a3dda4b5a0bc986c3404427c4dba5007a682534856d0122b30069606b1d165ba,single_cell,medium,,,,
results/tables/Ammons_scRNA_six_dog_localization_manifest.json,Ammons_scRNA_six_dog_localization_manifest.json,.json,6536,9bd7cec81c817ce04eb49a43d9a516f36c16a419d0547ef92ec92f3a480eac0d,single_cell,high,,44-recompute-ammons-six-dog-localization-v1,,
results/tables/Ammons_scRNA_six_dog_localization_README.txt,Ammons_scRNA_six_dog_localization_README.txt,.txt,4494,c66133bb02b994a7c06ee112a3607d05ece1bcd0f36299c8f9a5c5b4519699fe,single_cell,low,,,,
results/tables/Ammons_scRNA_targeted_eight_sample_vs_six_dog_comparison.csv,Ammons_scRNA_targeted_eight_sample_vs_six_dog_comparison.csv,.csv,2087,c198453f93f0005a34c4603b80df5b65c4d2d798980e5631188e057f26013630,single_cell,medium,,,,
results/tables/Ammons_scRNA_targeted_localization_tests.csv,Ammons_scRNA_targeted_localization_tests.csv,.csv,1802,5f75eac6ccc4f12b710c02f4220e78ee13e5692a7c694097b4fbb0e9049f2203,single_cell,low,,,,
results/tables/Ammons_scRNA_targeted_localization_tests_six_dogs.csv,Ammons_scRNA_targeted_localization_tests_six_dogs.csv,.csv,2038,acc4f4b2486ddd7beffd15560bc76c1c993d7c56e4c21f6653bed0b8ca12c5fb,single_cell,medium,,,,
results/tables/Ammons_scRNA_targeted_sign_consistency_audit.csv,Ammons_scRNA_targeted_sign_consistency_audit.csv,.csv,1040,891cc42beabd3971d445da22b8f7cc1e6600ef4d3ba7b1fe0c03d066a17c306b,single_cell,low,,,,
results/tables/cross_cohort_conservative_preservation_classification.csv,cross_cohort_conservative_preservation_classification.csv,.csv,4174,184fd8eade2b83039c776aa0a6dcae422897907469b571f3ae65b69be7f5f25e,other,medium,,,,
results/tables/cross_cohort_conservative_preservation_manifest.json,cross_cohort_conservative_preservation_manifest.json,.json,1059,4abe64e72bfdbec2eada438aaecc0a43b49d15e6f8995a0aed5b966cc23c4175,other,high,,28-conservative-module-preservation-audit-v1,,
results/tables/cross_cohort_conservative_preservation_README.txt,cross_cohort_conservative_preservation_README.txt,.txt,1194,6f08da2fca860c56f0a6f7734494ea352e006f118ba14594f4fa9f8d001677dc,other,low,,,,
results/tables/cross_cohort_disjoint_split_half_reliability.csv,cross_cohort_disjoint_split_half_reliability.csv,.csv,465432,79e0a786216c3f156c478a8e3ad3df7f220e99d68466298d3105a695a230084d,other,low,,,,
results/tables/cross_cohort_edge_preservation_audit.csv,cross_cohort_edge_preservation_audit.csv,.csv,8020,e29862c72b0f5f0d404e72dd1e1c4f81d1284dc07fabe0de058062f60220b861,other,medium,,,,
results/tables/cross_cohort_module_gene_loading_concordance.csv,cross_cohort_module_gene_loading_concordance.csv,.csv,80614,eb41dc78d5a175f982f90c5d1f0deb41ce64247dbf6d41e24d01eddc3f7c7174,other,low,,,,
results/tables/cross_cohort_module_gene_subset_reliability.csv,cross_cohort_module_gene_subset_reliability.csv,.csv,2983449,9de3a89515672f200b8811288c82af6a5d6af962de1148635b9496445fb6b9b0,other,low,,,,
results/tables/cross_cohort_module_preservation_manifest.json,cross_cohort_module_preservation_manifest.json,.json,1832,d76df559950f8f45e22f53055805c9bbd866135409a5173f87f70cf81001c3e3,other,high,,27-cross-cohort-module-preservation-v1,,
results/tables/cross_cohort_module_preservation_outcome_synthesis.csv,cross_cohort_module_preservation_outcome_synthesis.csv,.csv,10210,0da091252528976a82d7c13d000a541752af577911b28b3b35fe851a3463b742,other,medium,,,,
results/tables/cross_cohort_module_preservation_README.txt,cross_cohort_module_preservation_README.txt,.txt,1269,6960fa2e7f8474a35de1ac2909973b024619e2d7d459f624ee0382954d7c2b0f,other,low,,,,
results/tables/cross_cohort_module_representation_preservation.csv,cross_cohort_module_representation_preservation.csv,.csv,7808,430428f52a2a66f8b87ee9258cbc331fba2456266fece84fa01b8cccbea0b983,other,medium,,,,
results/tables/cross_cohort_module_structure_random_controls.csv,cross_cohort_module_structure_random_controls.csv,.csv,2636,6b6e49fa6c27f56804b65ac2ea5d4282d4028a3c0aed52b876cfe9b36f6202aa,other,low,,,,
results/tables/cross_cohort_module_structure_random_distribution.csv,cross_cohort_module_structure_random_distribution.csv,.csv,474634,169600d8a9895283a5ba6cbe032d6f60f3ed499e8fdf022f8113c3340cbba931,other,low,,,,
results/tables/frozen_strict_human_proliferation_mapping.csv,frozen_strict_human_proliferation_mapping.csv,.csv,7235,72e539d40b3eeb604986e224a345f5218a42f5fcd70ea48b27d000c178413de8,human_outcome_transport,low,,,,
results/tables/GSE21257_frozen_transfer_score_coverage.csv,GSE21257_frozen_transfer_score_coverage.csv,.csv,7311,94e9d7e7df4c359a5cd8fb43a6a782df8acf0b53a2ed75265786a0c7921dd845,other,low,,,,
results/tables/GSE21257_GEO_phenotype_raw.csv,GSE21257_GEO_phenotype_raw.csv,.csv,123501,2ddad092cab45a8fb676eb09af041f953abebd30ad6a6903fecf30a62fd3ef00,other,low,,,,
results/tables/GSE21257_metastasis_primary_frozen_program_validation.csv,GSE21257_metastasis_primary_frozen_program_validation.csv,.csv,1754,66f8f57539d9fd9d666dd4fd27ffa017d0884fd694b68e0ec7fa5243842a2ac8,other,medium,,,,
results/tables/GSE21257_OS_frozen_program_sensitivity.csv,GSE21257_OS_frozen_program_sensitivity.csv,.csv,2570,f9052c4e43dce2daa21b0132328e0636e1b0959d9309257a124870cf523a93a8,other,low,,,,
results/tables/GSE21257_primary_adjustment_robustness.csv,GSE21257_primary_adjustment_robustness.csv,.csv,867,8fa0152456d6c015ab9fe4cf3c2cdced8d24b4100a1366c43911294f34f8067f,other,medium,,,,
results/tables/GSE21257_primary_leave_one_out_stability.csv,GSE21257_primary_leave_one_out_stability.csv,.csv,392,25bcae9d8ddca315c8a7d4cc0dcabc5ab9f2ccb0abe26a46e6861da5e26ab275,other,medium,,,,
results/tables/GSE21257_primary_robust_logistic_effects.csv,GSE21257_primary_robust_logistic_effects.csv,.csv,1057,d39a1bb3d13470ad8a03d0f6088771d4bf77bb19bfc6a995b0da1a1bcd5f9844,other,medium,,,,
results/tables/GSE21257_probe_to_gene_symbol_selected.csv,GSE21257_probe_to_gene_symbol_selected.csv,.csv,1196277,cdd7e04e9e3f2ca4a9bebf626e0b52f7edd3039b5341d2de8bd30fa22132aea6,other,low,,,,
results/tables/GSE238110_candidate_gene_proliferation_adjustment_results.csv,GSE238110_candidate_gene_proliferation_adjustment_results.csv,.csv,25941,e2b0224fab6e3bc3d37fb24336846321131371a105eeb951aad22647c90df983,other,low,,,,
results/tables/GSE238110_candidate_gene_residualized_proliferation_analysis.csv,GSE238110_candidate_gene_residualized_proliferation_analysis.csv,.csv,66865,8c047c8e9619933fbbd112dd88ab771e940f4fb848f7bebb9e4e33978523ef62,other,low,,,,
results/tables/GSE238110_clinical_survival_associations.csv,GSE238110_clinical_survival_associations.csv,.csv,1883,606f057403fc3e8eb8990ea2194e786a7e61b64eae7ea2936ff2302a01b3a2eb,other,low,,,,
results/tables/GSE238110_conditional_cox_mb_selected_combined.csv,GSE238110_conditional_cox_mb_selected_combined.csv,.csv,2250,61275cd5f4b92b436868ec31b2cfaa6d4af0a9d12d1e82e4b58584d0a5c6f816,other,low,,,,
results/tables/GSE238110_dfi_conditional_cox_mb_selected.csv,GSE238110_dfi_conditional_cox_mb_selected.csv,.csv,1354,b1d23a3227e94b85daa1694a9f9fec4c39c5266b69429906a37bb33cc876b301,other,low,,,,
results/tables/GSE238110_dfi_conditional_cox_mb_step_log.csv,GSE238110_dfi_conditional_cox_mb_step_log.csv,.csv,267477,ff0c2cf0e8adf906f7fa0cd4c64232ce3c1cfa4f3570e437a8de281b5b169113,other,low,,,,
results/tables/GSE238110_dfi_os_univariate_cox_merged.csv,GSE238110_dfi_os_univariate_cox_merged.csv,.csv,1095087,fe785f64268d8116bfccdf11dcf094f3f9eb5d14a4248f4fa5f08be53320f19e,other,low,,,,
results/tables/GSE238110_dfi_os_univariate_cox_overlap_summary.csv,GSE238110_dfi_os_univariate_cox_overlap_summary.csv,.csv,179,abb961ad33b9e876d7f50bf1b95cb63b210ddec6864e9f42c8948c216ca5b10e,other,low,,,,
results/tables/GSE238110_dfi_univariate_cox_top5000var.csv,GSE238110_dfi_univariate_cox_top5000var.csv,.csv,1003680,e170b9f7f86381915e10c8a32c46782ba4ba710258ee6628e57b7b1e2e66e57f,other,low,,,,
results/tables/GSE238110_dfi_univariate_cox_top_hits_top5000var.csv,GSE238110_dfi_univariate_cox_top_hits_top5000var.csv,.csv,40618,2a951335efbd5f6dc6daaa15f9c6878f69dbb558fdc596603f67ccdbd374cf51,other,low,,,,
results/tables/GSE238110_frozen_canine_transfer_program_manifest.csv,GSE238110_frozen_canine_transfer_program_manifest.csv,.csv,14880,fcd34b985ea99986f39dfc43ce8e4018db2fde9ecc8a225bb40ac93006d5372c,other,high,,,,
results/tables/GSE238110_frozen_transfer_gene_weights_broad.csv,GSE238110_frozen_transfer_gene_weights_broad.csv,.csv,60534,ee5f661677b173507e04856f848b6757ede2750dd69b9bb0d88a9f6a2a77bd4c,other,low,,,,
results/tables/GSE238110_frozen_transfer_gene_weights_strict.csv,GSE238110_frozen_transfer_gene_weights_strict.csv,.csv,50062,4f065aa4c4edf117a0c74015840d2b4b2347929f172cd517e1818ba0f6163b91,other,low,,,,
results/tables/GSE238110_frozen_transfer_program_freeze.json,GSE238110_frozen_transfer_program_freeze.json,.json,2588,c0eb0a1e10666cc6e72f08842fa36d48a4a9c49966d19f90acc09bd684748e2c,other,low,,,,
results/tables/GSE238110_frozen_transfer_programs_README.txt,GSE238110_frozen_transfer_programs_README.txt,.txt,1427,20d51001ad6da75a56c26d4efb22a029e8f423a507707ec31f2c7dc596d5dda9,other,low,,,,
results/tables/GSE238110_frozen_transfer_scoring_specification.csv,GSE238110_frozen_transfer_scoring_specification.csv,.csv,14951,562aab92caa949691f43b0285cf2585c98008e78c62d2c15477a6d156d7f47a7,other,low,,,,
results/tables/GSE238110_full_cohort_module_scores_for_proliferation_adjustment.csv,GSE238110_full_cohort_module_scores_for_proliferation_adjustment.csv,.csv,50556,9c8bba4a7ad3643170d8bedb07714c7bf8b1c17e0ef2366c7b05e7d381197cde,other,low,,,,
results/tables/GSE238110_leave_module_out_proliferation_full_cohort.csv,GSE238110_leave_module_out_proliferation_full_cohort.csv,.csv,63796,30a243464a1f9780f77250621df8c675e97120ea8bf8062003ebcffda0c6a382,other,low,,,,
results/tables/GSE238110_mb_candidate_genes_from_univariate_cox.csv,GSE238110_mb_candidate_genes_from_univariate_cox.csv,.csv,111279,1736cc19cb2e2e9bd2e4fc2746b71af45c62a6aa62203410ee97e9e318891468,other,low,,,,
results/tables/GSE238110_meta_proliferation_adjustment_summary.csv,GSE238110_meta_proliferation_adjustment_summary.csv,.csv,605,f27277f00a2c0a4ebede496ebddb6ebd49d55ca4a4d2d284c9289117d479ad4a,other,low,,,,
results/tables/GSE238110_meta_proliferation_gene_set.csv,GSE238110_meta_proliferation_gene_set.csv,.csv,10054,d21df2d8c2877e0584e4c410e25b23802c47bb3c4642827dadc62047a3702f8a,other,low,,,,
results/tables/GSE238110_meta_proliferation_only_models.csv,GSE238110_meta_proliferation_only_models.csv,.csv,600,bb9611efe263f7aac4eac73a1a621d818ae943bb3fb6eee5b152329eea7425c0,other,low,,,,
results/tables/GSE238110_meta_proliferation_score_per_sample.csv,GSE238110_meta_proliferation_score_per_sample.csv,.csv,6536,4ff6a4da26e050624749f83fe178f9a7f1cf4dcade295c7cbdab79c97585e4c2,other,low,,,,
results/tables/GSE238110_module_proliferation_adjustment_results.csv,GSE238110_module_proliferation_adjustment_results.csv,.csv,20579,9cd5b28d343f1d702e8738f2bbf53d394a005ab1d203f51c96c5aca8ab0fb9f9,other,low,,,,
results/tables/GSE238110_module_proliferation_overlap_audit.csv,GSE238110_module_proliferation_overlap_audit.csv,.csv,30767,fb7cce6c16e4f5f4a0adb99227c9c9efd99ea4d7464faccec0e54d2188b02619,other,low,,,,
results/tables/GSE238110_module_residualized_proliferation_analysis.csv,GSE238110_module_residualized_proliferation_analysis.csv,.csv,45313,756070a8657457607a8202c030c43a06bda089f103841bf9dececa84ce8a55bb,other,low,,,,
results/tables/GSE238110_nested_cv_expanded_random_control_summary.csv,GSE238110_nested_cv_expanded_random_control_summary.csv,.csv,10067,889082ef9dd38cbe197cd6015bfd64ffb7cd56bfb44d54b0c2c7c6be09a66489,other,low,,,,
results/tables/GSE238110_nested_cv_expanded_random_controls.csv,GSE238110_nested_cv_expanded_random_controls.csv,.csv,4575027,89f7fc0d8ea93c42bea0aaa0e937d0f7a328e3217a370e515c857922b6758fe7,other,low,,,,
results/tables/GSE238110_nested_cv_method_benchmark.csv,GSE238110_nested_cv_method_benchmark.csv,.csv,10728,352e75cce931d1e1bf1739203e7cb068550cf0bd3a9337c1192042d63fb7ec0f,other,low,,,,
results/tables/GSE238110_nested_cv_method_benchmark_summary.csv,GSE238110_nested_cv_method_benchmark_summary.csv,.csv,2215,d3352d603d0d371a0ee59ff5d932fcf43a166f167ae09cf6c94541c157354174,other,low,,,,
results/tables/GSE238110_nested_cv_method_vs_random_percentile_summary.csv,GSE238110_nested_cv_method_vs_random_percentile_summary.csv,.csv,5230,050ae076cc29b8b0dc423beb9af384cb3834a0d9e9dc441c5ad06c901ad294c4,other,low,,,,
results/tables/GSE238110_nested_cv_method_vs_random_percentiles.csv,GSE238110_nested_cv_method_vs_random_percentiles.csv,.csv,35045,6a6c2a05efcca16f8b34be1c1318e4d3295183070256ad0c7666e8ffc7fb16ff,other,low,,,,
results/tables/GSE238110_nested_cv_selected_gene_stability.csv,GSE238110_nested_cv_selected_gene_stability.csv,.csv,25763,2490ab82d882edc0006716607c757133fbb4d45507b308c583fdb45db4a56d4f,other,low,,,,
results/tables/GSE238110_nested_cv_selected_genes.csv,GSE238110_nested_cv_selected_genes.csv,.csv,26654,daf51b102edee97f12ee4a1fcc107f1855be0c4b174b99ce3d564cf9fbee45cb,other,low,,,,
results/tables/GSE238110_nested_cv_train_univariate_screen_top1000_per_fold.csv,GSE238110_nested_cv_train_univariate_screen_top1000_per_fold.csv,.csv,362356,a8b0ce7dc43c293d6c4d82291cb3518b2855a7028cbfa10f0074d093072f92f3,other,low,,,,
results/tables/GSE238110_os_conditional_cox_mb_selected.csv,GSE238110_os_conditional_cox_mb_selected.csv,.csv,1005,c8339371d78885f8f014cb36c6cfa872847920bd55a9e095c480e824e379fadf,other,low,,,,
results/tables/GSE238110_os_conditional_cox_mb_step_log.csv,GSE238110_os_conditional_cox_mb_step_log.csv,.csv,198099,f9145885e69a9c00b25e74a42fd7ffd7c362edb0fb497a97f317f9e71d12d5c8,other,low,,,,
results/tables/GSE238110_os_univariate_cox_top5000var.csv,GSE238110_os_univariate_cox_top5000var.csv,.csv,1002013,b3f9920ab64c66a8d7633441bcdb141faa29c4bcbb6496f666c92ab266b52af9,other,low,,,,
results/tables/GSE238110_os_univariate_cox_top_hits_top5000var.csv,GSE238110_os_univariate_cox_top_hits_top5000var.csv,.csv,40425,8632565240b275670cdbfea955cf9e70e432c3452d78a6deaafb2905d30cba15,other,low,,,,
results/tables/GSE238110_pca_clinical_associations_top5000var.csv,GSE238110_pca_clinical_associations_top5000var.csv,.csv,12304,bf6f7cdad12279d71a0ac299449066f856508d3c9d06717d292f87452b9036cd,other,low,,,,
results/tables/GSE238110_pca_explained_variance_top5000var.csv,GSE238110_pca_explained_variance_top5000var.csv,.csv,505,6b94d5cb6c7cacaab6a81e92bc242514f5481b894e25da663315af87bb87a2de,other,low,,,,
results/tables/GSE238110_pca_scores_top5000var.csv,GSE238110_pca_scores_top5000var.csv,.csv,38195,2ae1cafa4d5dc52e83bceed3030f483087d0d5664104f38015522058f5594f8c,other,low,,,,
results/tables/GSE238110_pca_survival_associations_top5000var.csv,GSE238110_pca_survival_associations_top5000var.csv,.csv,2355,5deacc3b801b29d0e939557420d7250733f600742ed44b2d927b5a0368048406,other,low,,,,
results/tables/GSE238110_permutation_univariate_cox_negative_control_summary.csv,GSE238110_permutation_univariate_cox_negative_control_summary.csv,.csv,1584,027101ddc55bebc9fbe2cf1dfd8af7d619b4009f386094859fb738366bd4f265,other,low,,,,
results/tables/GSE238110_potential_confounder_flags.csv,GSE238110_potential_confounder_flags.csv,.csv,1520,0d9c87bc5fac93dfa845a04de4c89cd7b1253c64a37dcfaa8c2a6c85ae9ef3d6,other,low,,,,
results/tables/GSE238110_proliferation_independence_decision_table.csv,GSE238110_proliferation_independence_decision_table.csv,.csv,68790,576d5ed2921e57ee3fa7431b6e6be6cb647552a6a94c4f307b88586eb6fc8328,other,low,,,,
results/tables/GSE238110_random_control_key_statistical_tests.csv,GSE238110_random_control_key_statistical_tests.csv,.csv,2367,071cd0fa89dabc77c09d3fbe906313f580cac4e87ad2cb5526d9763b1036e0ef,other,low,,,,
results/tables/GSE238110_random_control_paired_statistical_tests.csv,GSE238110_random_control_paired_statistical_tests.csv,.csv,12229,dc90f93d9d0b471edd5f8cea52b31639b6788626e027b11ff3eb1d34148431e8,other,low,,,,
results/tables/GSE238110_repeated_cv_program_model_contrast_summary.csv,GSE238110_repeated_cv_program_model_contrast_summary.csv,.csv,51043,2aec5db69a38b9dab0e8769334c977a86f0f505fcd16e6402b2bbe9f1e9832de,other,low,,,,
results/tables/GSE238110_repeated_cv_program_model_contrasts.csv,GSE238110_repeated_cv_program_model_contrasts.csv,.csv,82109,c4dd9f810ae1df0f3662754cb05349023bfb71a9ad1a5f3497401d8c0bbd5382,other,low,,,,
results/tables/GSE238110_repeated_cv_program_scores_by_repeat.csv,GSE238110_repeated_cv_program_scores_by_repeat.csv,.csv,495510,90e1ba5ecdef36d1fc813ead372b6fad70bfe6e7f57dc7578e353939b3a09c75,other,low,,,,
results/tables/GSE238110_repeated_cv_proliferation_sensitivity_fold_results.csv,GSE238110_repeated_cv_proliferation_sensitivity_fold_results.csv,.csv,4004475,f079774988dbaa2bdadf9b408f90b0867d4b413e60d96fc48a82e774520cfee3,other,low,,,,
results/tables/GSE238110_repeated_cv_proliferation_sensitivity_summary.csv,GSE238110_repeated_cv_proliferation_sensitivity_summary.csv,.csv,86445,9e49c7841bc96ac50e3ec76bc224754672a9d190c621bd6d92849c8075cacf18,other,low,,,,
results/tables/GSE238110_residualized_proliferation_analysis_summary.csv,GSE238110_residualized_proliferation_analysis_summary.csv,.csv,1182,0924bdb5955851b901d6ca4ff50b462f6cf710e6682c8de75beb0606330ba956,other,low,,,,
results/tables/GSE238110_RNA_broad_transferable_candidates_for_sensitivity.csv,GSE238110_RNA_broad_transferable_candidates_for_sensitivity.csv,.csv,21460,67105eb9cc69695a35b851d7faf69e2aa16227487bb48012cdb26fe220adff31,other,low,,,,
results/tables/GSE238110_RNA_candidate_genes_without_human_ortholog_mapping.csv,GSE238110_RNA_candidate_genes_without_human_ortholog_mapping.csv,.csv,536477,a81710bfef02b80a7e2a88ec374612e84ad45b5ae16c783307097b68a9c9f54d,human_outcome_transport,low,,,,
results/tables/GSE238110_RNA_full_cohort_module_associations.csv,GSE238110_RNA_full_cohort_module_associations.csv,.csv,17107,87e205e3c786d1028ee18922af5dd313c4cbe8f2565914b2e48ace1eb28f656f,other,low,,,,
results/tables/GSE238110_RNA_full_cohort_transferable_module_priority.csv,GSE238110_RNA_full_cohort_transferable_module_priority.csv,.csv,13195,2d8ef5c813510f3ab3f1d89a736c25690c92cf1dec56ce443e4ed2bac77ded9f,other,low,,,,
results/tables/GSE238110_RNA_master_candidate_evidence_table.csv,GSE238110_RNA_master_candidate_evidence_table.csv,.csv,2019955,0764e32af6f9cffe9586f123f6a496a19bd2d6c0fa3cdb989ee385e1c278a0c4,other,low,,,,
results/tables/GSE238110_RNA_master_candidate_evidence_table_with_ortholog_qc.csv,GSE238110_RNA_master_candidate_evidence_table_with_ortholog_qc.csv,.csv,3115402,26673d73d3e2b3769ae0eaf776d5f9fe239c594bf8c0f71e01b6ff50d1017586,other,low,,,,
results/tables/GSE238110_RNA_master_candidate_evidence_table_with_orthologs.csv,GSE238110_RNA_master_candidate_evidence_table_with_orthologs.csv,.csv,2579721,e562dba3223187dd36149f220e3faf1aa973ac1b59646e18d1a3eb6868ff4f30,other,low,,,,
results/tables/GSE238110_RNA_master_candidate_evidence_top100.csv,GSE238110_RNA_master_candidate_evidence_top100.csv,.csv,46563,8a02f0a4dd7348d90fb4183fd4ad359684b75ef652d8e3516599bc05a51d9710,other,low,,,,
results/tables/GSE238110_RNA_module_gene_membership.csv,GSE238110_RNA_module_gene_membership.csv,.csv,119602,62467463f491f25a9151eda96c65e115b206e0f3f62bc92d33b18f9939273888,other,low,,,,
results/tables/GSE238110_RNA_module_ortholog_mappability_summary.csv,GSE238110_RNA_module_ortholog_mappability_summary.csv,.csv,20286,7bfed35523de331ff003da0933b45c6dd0aeca95efe780fee8c9614554240f4f,other,low,,,,
results/tables/GSE238110_RNA_module_ortholog_qc_summary.csv,GSE238110_RNA_module_ortholog_qc_summary.csv,.csv,39936,a35a24bd2fef2478a4cad8265efcdef86f577396af7043ad4b6e65baefb37d59,other,low,,,,
results/tables/GSE238110_RNA_module_random_control_summary.csv,GSE238110_RNA_module_random_control_summary.csv,.csv,1473,b1207f7c5558c00005688cf8bca2f33b0e16562faf0ee564a1e700b98bc611d4,other,low,,,,
results/tables/GSE238110_RNA_module_random_controls.csv,GSE238110_RNA_module_random_controls.csv,.csv,1983021,641de72add474e14f467cb16a5bd1f124fd2e13a791724448667e026e3bb938c,other,low,,,,
results/tables/GSE238110_RNA_module_vs_random_percentile_summary.csv,GSE238110_RNA_module_vs_random_percentile_summary.csv,.csv,999,b5d3de0ba495b71cf085108df4624cb6b98d605d2bbe51fc6f97686042a805f2,other,low,,,,
results/tables/GSE238110_RNA_module_vs_random_percentiles.csv,GSE238110_RNA_module_vs_random_percentiles.csv,.csv,7874,4cee1cf1be7d547097723232192238e9d16f10ceb735c01aaa8007b34bb28b54,other,low,,,,
results/tables/GSE238110_RNA_nested_cv_module_benchmark.csv,GSE238110_RNA_nested_cv_module_benchmark.csv,.csv,24752,8c2c54106d2b0546939a8fc30e238ca34c5b4486ca919dc29d20980eaaee7dd3,other,low,,,,
results/tables/GSE238110_RNA_observed_module_nested_cv_summary.csv,GSE238110_RNA_observed_module_nested_cv_summary.csv,.csv,342,a000d58706691ef8d354dc0c6534028dfecbe9f16d281f92316318d85886d0b6,other,low,,,,
results/tables/GSE238110_RNA_priority_gene_ids.txt,GSE238110_RNA_priority_gene_ids.txt,.txt,336,839d354849d5bd57f35976fea76009c3fa22be4af7f1ede1d3a502789184b172,other,low,,,,
results/tables/GSE238110_RNA_priority_gene_symbols.txt,GSE238110_RNA_priority_gene_symbols.txt,.txt,268,b83ee4534d99b7b32a2a08025f82e998384347c1c483598d78bf7c2214a3b82b,other,low,,,,
results/tables/GSE238110_RNA_priority_transferable_ortholog_candidates.csv,GSE238110_RNA_priority_transferable_ortholog_candidates.csv,.csv,18205,20a05fc813005a4df97e5d9c1376b2efa16783c48b462be27ad174c2c390d55c,other,low,,,,
results/tables/GSE238110_RNA_strict_transferable_candidates.csv,GSE238110_RNA_strict_transferable_candidates.csv,.csv,17921,b9350cc1d64c65ba16f7aab3e6b73e23d1c9c0fe985c632121b110349e420e16,other,low,,,,
results/tables/GSE238110_strict_transferable_dog_genes.txt,GSE238110_strict_transferable_dog_genes.txt,.txt,195,7807de011885352d518706cb7624c6b5a6476cab82639b6cecf23d248c9a6e2a,other,low,,,,
results/tables/GSE238110_strict_transferable_human_symbols.txt,GSE238110_strict_transferable_human_symbols.txt,.txt,153,b8c618a70313fe5d77243af4d68ae9f6ed0eea3a9d7e1f6a92c20a65d81befbb,human_outcome_transport,low,,,,
results/tables/GSE238110_true_iamb_gsmb_ablation_selected_genes.csv,GSE238110_true_iamb_gsmb_ablation_selected_genes.csv,.csv,4372,b3bf3572fccdc629f87c23be606cc9b49d5bf6e783f5edc40fc75893ebab2824,other,low,,,,
results/tables/GSE238110_true_iamb_gsmb_ablation_summary.csv,GSE238110_true_iamb_gsmb_ablation_summary.csv,.csv,1959,febf5baf3e9a818eb01ac199520d6a2d6bad68987aecd0bbea2373a482a48626,other,low,,,,
results/tables/GSE239948_blind_de_novo_rediscovery_manifest.json,GSE239948_blind_de_novo_rediscovery_manifest.json,.json,2864,b57dfff98c8de8f536f032763e32da9a7b4bd6d44dd1fb28e46e762e579f25bb,external_canine_blind_rediscovery,high,,49-gse239948-blind-de-novo-rediscovery-v2,,
results/tables/GSE239948_blind_de_novo_rediscovery_README.txt,GSE239948_blind_de_novo_rediscovery_README.txt,.txt,2053,f966641c1e87dcf4b6bd922406dc089ae481ada3988717a35b33221dbf2914a9,external_canine_blind_rediscovery,low,,,,
results/tables/GSE239948_blind_discovered_module_membership.csv,GSE239948_blind_discovered_module_membership.csv,.csv,143129,6c9287c871f52643166227c7457b8bf201456e7f82889137d3da5c549a5542cd,external_canine_blind_rediscovery,low,,,,
results/tables/GSE239948_blind_discovered_module_subsample_stability.csv,GSE239948_blind_discovered_module_subsample_stability.csv,.csv,12998,7f9a147427c9ffa6266cf54d2d433376feb28d768a7e6c9f8971a403692734e3,external_canine_blind_rediscovery,low,,,,
results/tables/GSE239948_blind_discovered_module_summary.csv,GSE239948_blind_discovered_module_summary.csv,.csv,21543,1260a33a86200176b78312270f8ee19e404897c27efb175e240883ecbc681bb7,external_canine_blind_rediscovery,low,,,,
results/tables/GSE239948_blind_discovery_gene_universe.csv,GSE239948_blind_discovery_gene_universe.csv,.csv,770594,3820ab6e2cd6e7800b333c616da30c9c07ded02791b2984da7595d5c41e5cef8,external_canine_blind_rediscovery,low,,,,
results/tables/GSE239948_blind_frozen_program_random_controls.csv,GSE239948_blind_frozen_program_random_controls.csv,.csv,387219,aa25d096e9d1fa995055c8152ca476447055f0b4103907fd274a899c43805299,external_canine_blind_rediscovery,low,,,,
results/tables/GSE239948_blind_frozen_program_rediscovery.csv,GSE239948_blind_frozen_program_rediscovery.csv,.csv,1652,473895e65c3d9ec8367036e38e5be29209389f522b237afc5faa80c0aeca9446,external_canine_blind_rediscovery,medium,,,,
results/tables/GSE239948_DOG2_exact_sample_identifier_overlap.csv,GSE239948_DOG2_exact_sample_identifier_overlap.csv,.csv,55,b1e15c0cedd3c5cdcecc85e2875f52063bf95aea18783ee0fad23d51846724b9,external_canine_direct,low,,,,
results/tables/GSE239948_DOG2_expression_fingerprint_gene_audit.csv,GSE239948_DOG2_expression_fingerprint_gene_audit.csv,.csv,1439916,5803722bd5ab2be47fcc07ba4f8d4c2a54d8bfabf248236319612316039bd298,external_canine_direct,low,,,,
results/tables/GSE239948_DOG2_expression_fingerprint_nearest_neighbors.csv,GSE239948_DOG2_expression_fingerprint_nearest_neighbors.csv,.csv,8221,7a428b91ba93d5270e61a883fd9fa79d3af1489e1c5e741b8311c6d339cc2e1d,external_canine_direct,low,,,,
results/tables/GSE239948_DOG2_independence_summary.csv,GSE239948_DOG2_independence_summary.csv,.csv,611,cae0bf3b84d4426f2a693619e98cb716f655f4ac610690bef4085627db9d7cd4,external_canine_direct,low,,,,
results/tables/GSE239948_DOG2_sample_identifier_audit.csv,GSE239948_DOG2_sample_identifier_audit.csv,.csv,9696,c4f98474534f98298bfe1dd0780f279b94895a772359a9aedf67e438de7d4b47,external_canine_direct,low,,,,
results/tables/GSE239948_external_frozen_program_coverage.csv,GSE239948_external_frozen_program_coverage.csv,.csv,2008,8a3f4d87bb9ebf1bf0d0a3c1c69f38e95d020abed5968a350f5c1db21578cf80,external_canine_direct,low,,,,
results/tables/GSE239948_external_gene_mapping.csv,GSE239948_external_gene_mapping.csv,.csv,602221,56aff5474085f70f9ffb7b54024ba3ccbe40517bef5b48b09fc6e6b39fd034d3,external_canine_direct,low,,,,
results/tables/GSE239948_external_identifier_pair_audit.csv,GSE239948_external_identifier_pair_audit.csv,.csv,953,e8db70407048465652527a0f3e5d66637fbe141d811ce083b875b142396b2b88,external_canine_direct,low,,,,
results/tables/GSE239948_external_input_audit.csv,GSE239948_external_input_audit.csv,.csv,1282,fc70f9ef0219df153f56d224439bda07b4838935bca2c407f2e92b95a144923f,external_canine_direct,low,,,,
results/tables/GSE239948_external_module_gene_leave_one_out.csv,GSE239948_external_module_gene_leave_one_out.csv,.csv,9323,af1c55371afd999ae4d05a517d9bc3cd90a0ee9dad9437b7e94d1bdaf895a37d,external_canine_direct,low,,,,
results/tables/GSE239948_external_module_score_reliability.csv,GSE239948_external_module_score_reliability.csv,.csv,588,3a9412a26547cbb926eaccf38451373d82d6282884da5f6c0724be31825e183a,external_canine_direct,low,,,,
results/tables/GSE239948_external_module_structure_preservation.csv,GSE239948_external_module_structure_preservation.csv,.csv,1022,3a23d206704be171b611cae997e9ebeebbbaf943b8d6a6b09e821f4ed1c9e305,external_canine_direct,medium,,,,
results/tables/GSE239948_external_random_panel_controls.csv,GSE239948_external_random_panel_controls.csv,.csv,589,472b0676317ed64e2e56d02772e918375b2b96013ed4bb7219f5dac18c979195,external_canine_direct,low,,,,
results/tables/GSE239948_external_representation_classification.csv,GSE239948_external_representation_classification.csv,.csv,1564,b4c966b753d7fd8d4132445ec71a1365be3774aee8f2d745bff4cbed62aa812e,external_canine_direct,low,,,,
results/tables/GSE239948_external_representation_manifest.json,GSE239948_external_representation_manifest.json,.json,8222,eae7ad5cd8f62a991e1fc50121adbf54c18ac7f1876a6ed0466dfefc7427c49a,external_canine_direct,high,,46-gse239948-external-canine-representation-v2,,
results/tables/GSE239948_external_representation_README.txt,GSE239948_external_representation_README.txt,.txt,1786,256253838f9f9b3034193762500f1498cb15548ecddaad1361c38596a04f952a,external_canine_direct,low,,,,
results/tables/GSE239948_WGCNA_module_preservation_input_universe.csv,GSE239948_WGCNA_module_preservation_input_universe.csv,.csv,266528,c92609c60f243fabd63993bc757c441a25ce8f432f46b49f53f2f6331c8d3834,external_canine_wgcna,medium,,,,
results/tables/GSE239948_WGCNA_module_preservation_manifest.json,GSE239948_WGCNA_module_preservation_manifest.json,.json,2852,505fbe4316eac45a84527fc64986e81c51572d297856fc7eb712630f247d736d,external_canine_wgcna,high,,50-wgcna-module-preservation-benchmark-v1,,
results/tables/GSE239948_WGCNA_module_preservation_README.txt,GSE239948_WGCNA_module_preservation_README.txt,.txt,1802,2dc65bf0d0cf1fb7af7d4f0f03054c1b4ff2aa80a3b399905e66d6ca22ee2c60,external_canine_wgcna,low,,,,
results/tables/GSE239948_WGCNA_module_preservation_signed.csv,GSE239948_WGCNA_module_preservation_signed.csv,.csv,760,0b98b6fe9e170bcbb207f23f274237a9a7d729598eaccb6b65c2b13ce9cb26dd,external_canine_wgcna,medium,,,,
results/tables/GSE39055_assay_quality_diagnostic_manifest.json,GSE39055_assay_quality_diagnostic_manifest.json,.json,4680,219dc54b1f4a1cc5a18af9ab51c5cab98d6ec65b9c474ff96c46732ae114fd68,other,high,,31-gse39055-assay-quality-diagnostic-v2,,
results/tables/GSE39055_assay_quality_diagnostic_README.txt,GSE39055_assay_quality_diagnostic_README.txt,.txt,1369,c834f966e3a0cb50689549d0a16ca043a9f22e89a7668280c008654e0fc7d923,other,low,,,,
results/tables/GSE39055_assay_quality_endpoint_diagnostics.csv,GSE39055_assay_quality_endpoint_diagnostics.csv,.csv,4711,16d889f92e140adc9af0be4774b843bec778357cac5022674479ef18cc144e6b,other,low,,,,
results/tables/GSE39055_assay_quality_module_summary.csv,GSE39055_assay_quality_module_summary.csv,.csv,1121,0fdc2fb790819356e2d460dc508b7aa1db31d31443bd73a4eca38d04eeb26a41,other,low,,,,
results/tables/GSE39055_canonical_gene_assay_audit.csv,GSE39055_canonical_gene_assay_audit.csv,.csv,7970,4bd5f7001d53d6bccb9fbe6d50c179d7d86ad51beb1d9352e572c50fcb08175c,other,low,,,,
results/tables/GSE39055_detection_aware_module_coverage.csv,GSE39055_detection_aware_module_coverage.csv,.csv,10820,b54c838913171e8c9c3d586100cb1593a24d0987dab0c8024092716249695ca0,other,low,,,,
results/tables/GSE39055_detection_aware_RFS_sensitivity.csv,GSE39055_detection_aware_RFS_sensitivity.csv,.csv,3031,4bf8dea35f0469e90272352765cd6476ef9fcf3bd669e95fd17f82deb2dbe478,other,low,,,,
results/tables/GSE39055_frozen_transfer_score_coverage.csv,GSE39055_frozen_transfer_score_coverage.csv,.csv,6359,1945407e793a0c3d3213a55bc0e8cf7526dbfb8b9d65e716818b5f5748ec50e7,other,low,,,,
results/tables/GSE39055_gene_probe_selection_comparison.csv,GSE39055_gene_probe_selection_comparison.csv,.csv,6906992,ade10b84086b292e10535a21e45e559513c1ed686f808bd50558b8566d4bea53,other,low,,,,
results/tables/GSE39055_GEO_phenotype_raw.csv,GSE39055_GEO_phenotype_raw.csv,.csv,49761,3e1e8714429eed0e3572b7b76e39f9b5353b05074f3ebf297d67f30a3ab40071,other,low,,,,
results/tables/GSE39055_necrosis_analysis_manifest.json,GSE39055_necrosis_analysis_manifest.json,.json,3590,d991439a91e33bf845c085cbc10869d59e4bc9fdaf81d8a5b30c758ad8979077,necrosis_exploratory,high,,48-gse39055-pathological-necrosis-response-v1,,
results/tables/GSE39055_necrosis_analysis_README.txt,GSE39055_necrosis_analysis_README.txt,.txt,1962,817ce93d40b7eb3cefb646416c2e397e2c057d01475ca9ab5d2f7f6b976d330f,necrosis_exploratory,low,,,,
results/tables/GSE39055_necrosis_analysis_summary.csv,GSE39055_necrosis_analysis_summary.csv,.csv,1124,cf1b8930dc12c2db3fc5da78f33450be85579deef9ce35a2f1e6eea98b8b323c,necrosis_exploratory,low,,,,
results/tables/GSE39055_necrosis_M40_assay_rule_sensitivity.csv,GSE39055_necrosis_M40_assay_rule_sensitivity.csv,.csv,3805,453c4be702cb2df84b041e1c9fa8eac065b24e3f62a6db8d84d3225d5d240c8a,necrosis_exploratory,low,,,,
results/tables/GSE39055_necrosis_M40_comparator_sensitivity.csv,GSE39055_necrosis_M40_comparator_sensitivity.csv,.csv,2419,c64740749e35f9416d1de1f106ab42c293dd14204287237d80aff208e8f6ee8d,necrosis_exploratory,low,,,,
results/tables/GSE39055_necrosis_M40_leave_one_out.csv,GSE39055_necrosis_M40_leave_one_out.csv,.csv,1852,92ab0befac94b22032d5c14a5430eeb09492cf6d8581f4817f4b916a98355777,necrosis_exploratory,low,,,,
results/tables/GSE39055_necrosis_M40_score_correlations.csv,GSE39055_necrosis_M40_score_correlations.csv,.csv,864,d3fdbbf35ad59e7d8409579eb50a4958e8d3f27d138dd3dde8e3b820a31e1ee1,necrosis_exploratory,low,,,,
results/tables/GSE39055_necrosis_primary_exploratory.csv,GSE39055_necrosis_primary_exploratory.csv,.csv,2569,99e59a6dd677872f9e659465b48ef8ca704699f3a9158f3cfcad6c08ce5c3db9,necrosis_exploratory,medium,,,,
results/tables/GSE39055_preparation_manifest.json,GSE39055_preparation_manifest.json,.json,4875,463f731a075399e88c635dbb527b15a39e349ff4ec2df2a8fb48b210dbe3f90f,other,high,,25-gse39055-preparation-v1,,
results/tables/GSE39055_preparation_README.txt,GSE39055_preparation_README.txt,.txt,856,1452e8bde47f29dfcc26e5aeed2217a0176ce556ffa00a5ffb6e19b4998b4e0f,other,low,,,,
results/tables/GSE39055_preparation_summary.csv,GSE39055_preparation_summary.csv,.csv,186,0a10c02a2f458982a0734c7e884f4b6042975fc484108f47d71aa8b97e597f95,other,low,,,,
results/tables/GSE39055_probe_assay_quality.csv,GSE39055_probe_assay_quality.csv,.csv,4656691,045704a7132bc28a5e6cebbc888f38ba31190fae816e9f879c0c876b66232357,other,low,,,,
results/tables/GSE39055_probe_to_gene_symbol_selected.csv,GSE39055_probe_to_gene_symbol_selected.csv,.csv,828204,00a773be24c545aaed9f22fa2e35594e946925026e5cb37c64a572b53288df99,other,low,,,,
results/tables/GSE39055_RFS_adjustment_robustness.csv,GSE39055_RFS_adjustment_robustness.csv,.csv,8403,746e15d82a3b529a9bbb0c435dcaf97ddb30a3edff72c24934bc8a9f6ce626f4,other,low,,,,
results/tables/GSE39055_RFS_leave_one_out_stability.csv,GSE39055_RFS_leave_one_out_stability.csv,.csv,651,294015c8df103c6e280b02b5cefbcd72bbe1237a9ff9e156aeb1ffb198459d47,other,low,,,,
results/tables/GSE39055_RFS_primary_frozen_program_validation.csv,GSE39055_RFS_primary_frozen_program_validation.csv,.csv,2216,1945cca593030f57cbaf6eef3006391b4fc3ad2ff334d99e34cc81436533951e,other,medium,,,,
results/tables/GSE39055_RFS_primary_multiplicity.csv,GSE39055_RFS_primary_multiplicity.csv,.csv,423,66dc8e035dc52a60659348fe9c6fca999ec57e3d14e95d09ce8385d27318bc92,multiplicity,high,,,,
results/tables/GSE39055_RFS_random_gene_set_controls.csv,GSE39055_RFS_random_gene_set_controls.csv,.csv,858,2031aa3de080aa1b0b785ed4e1a86ab01a90f8660236dd09ea3111307ffe9b72,other,low,,,,
results/tables/GSE39055_RFS_random_gene_set_distribution.csv,GSE39055_RFS_random_gene_set_distribution.csv,.csv,249348,855203a55f412afaf3eba1ee7ba808f75bc847cfaa70d58ea2bbc009579241d3,other,low,,,,
results/tables/GSE39055_RFS_score_variant_sensitivity.csv,GSE39055_RFS_score_variant_sensitivity.csv,.csv,9795,af0df2d0b1088ed3a255acaa76203f43caf732b8cbe9547ab0306076ad674469,other,low,,,,
results/tables/GSE39055_RFS_validation_manifest.json,GSE39055_RFS_validation_manifest.json,.json,2570,026a07341216f60106bda7553371aaaf8c98588f59f3c016ec0df39501864051,other,high,,26-gse39055-rfs-validation-v1,,
results/tables/GSE39055_RFS_validation_README.txt,GSE39055_RFS_validation_README.txt,.txt,1132,5e387589e1043a47d2c3e52ed270525cbb81b99a1569eb773319ae5ee7fa1301,other,low,,,,
results/tables/GSE39055_sample_assay_quality.csv,GSE39055_sample_assay_quality.csv,.csv,5847,6c89881ba9104a36810afa292ee8789427c3bda4bc6bcb94a75d386de08175a6,other,low,,,,
results/tables/GSE39055_zero_time_endpoint_audit.csv,GSE39055_zero_time_endpoint_audit.csv,.csv,6046,5bce5fe93c71ddd7062f70986ce2623be62974cfa2360b463a3a1f75ebd8281b,other,low,,,,
results/tables/human_external_validation_adjusted_models.csv,human_external_validation_adjusted_models.csv,.csv,4577,88e2f4df8a6aea72f899abbfa446f820cf1e79eb6943f3fb6ee73acc824d5e18,human_outcome_transport,low,,,,
results/tables/human_external_validation_cross_cohort_synthesis.csv,human_external_validation_cross_cohort_synthesis.csv,.csv,3172,f108ce1d1d94920e75664d464e08b24072d67aec6bd087c0f665b2af499450ae,human_outcome_transport,low,,,,
results/tables/human_external_validation_manifest.json,human_external_validation_manifest.json,.json,10979,a484451f080e0e11bef5a2ed9bc81402d8a9fe2adbb85f571cd092a1aee0e622,human_outcome_transport,high,,23-human-external-validation-v1,,
results/tables/human_external_validation_primary_multiplicity.csv,human_external_validation_primary_multiplicity.csv,.csv,944,875038bf4d5a1857697ee7751454eecaabb3232f04bd6afd6faf19682431f448,multiplicity,high,,,,
results/tables/human_external_validation_random_control_empirical_fdr.csv,human_external_validation_random_control_empirical_fdr.csv,.csv,1810,4a6e54d67ac02eefde71f3960e38cfe4b45fe2ccd60484fc27116484ce9495a7,human_outcome_transport,low,,,,
results/tables/human_external_validation_random_gene_set_controls.csv,human_external_validation_random_gene_set_controls.csv,.csv,1475,80246ff94c05c2f3026447e1e7ec99342d6e9ff9795e2aa02e5437502ef5d658,human_outcome_transport,low,,,,
results/tables/human_external_validation_random_gene_set_distribution.csv,human_external_validation_random_gene_set_distribution.csv,.csv,474959,5d8a51ff231f0c864c6bf18ab331e6e42ae94e819b0e1aad6a241a36a3df59d1,human_outcome_transport,low,,,,
results/tables/human_external_validation_README.txt,human_external_validation_README.txt,.txt,1317,fcdc41bf5b71a9e4bfe444ea5b5c5389b650be6da9c74ae7634d8bd4d0937483,human_outcome_transport,low,,,,
results/tables/human_external_validation_robust_evidence_summary.csv,human_external_validation_robust_evidence_summary.csv,.csv,1795,3420c827b16e1cadad3877edd06c2d843534cf0a517024fa6a83d81e4427103c,human_outcome_transport,low,,,,
results/tables/human_external_validation_robustness_manifest.json,human_external_validation_robustness_manifest.json,.json,2560,e71d5a3bcc260584495c3d2acd493ddb2694f4d3c5f09bec7a4f62c4910bc734,human_outcome_transport,high,,24-external-validation-robustness-audit-v1,,
results/tables/human_external_validation_robustness_README.txt,human_external_validation_robustness_README.txt,.txt,923,2e9848fbba1f47c8b86b9c974309b85fec7cd85e59b25a1007939970dc91f46f,human_outcome_transport,low,,,,
results/tables/human_external_validation_score_variant_sensitivity.csv,human_external_validation_score_variant_sensitivity.csv,.csv,11915,460459d8c8b41c3c62fc528fd020774fe80ce0bf5d71c609b8c9cec82e8849ab,human_outcome_transport,low,,,,
results/tables/human_external_validation_secondary_programs.csv,human_external_validation_secondary_programs.csv,.csv,2394,88149c6b9c8563841db5d287272cdeece39d10733fc0b311c1dbe743d60a3ffb,human_outcome_transport,low,,,,
results/tables/human_external_validation_three_cohort_synthesis.csv,human_external_validation_three_cohort_synthesis.csv,.csv,3036,d40b6c6446a24173c671ca9d9a32416478a0e620f762dd29c1a1fe2d60771fbd,human_outcome_transport,low,,,,
results/tables/human_validation_cohort_preparation_manifest.json,human_validation_cohort_preparation_manifest.json,.json,6276,8b018a5cf85c652c491de7c84a0ef731b38e53fdc4b9111a71ec45c6cbbba5c8,human_outcome_transport,high,,22-human-cohort-preparation-v1,,
results/tables/human_validation_cohort_preparation_README.txt,human_validation_cohort_preparation_README.txt,.txt,788,6127af1afd6b8b58fbdd94929061427d5df49a1978a307909248ebd8f6c11e62,human_outcome_transport,low,,,,
results/tables/human_validation_cohort_preparation_summary.csv,human_validation_cohort_preparation_summary.csv,.csv,184,7165fbb009e27c39d16169032a29c7856d7e3e32a02ced14e58af3da497ee8e0,human_outcome_transport,low,,,,
results/tables/multigroup_mofa_alignment_manifest.json,multigroup_mofa_alignment_manifest.json,.json,7461,6c41a95ebf19b1db4dfcc186ab0235429e75c3131bf807f9fde9bc2699639e66,other,high,,36-align-frozen-modules-to-mofa-v2,,
results/tables/multigroup_mofa_alignment_README.txt,multigroup_mofa_alignment_README.txt,.txt,1848,4b7e8bf2b3034e34f8930ebcecfc57ceba3eeaf8ad0c792d409643d5e84344e6,other,low,,,,
results/tables/multigroup_mofa_cross_set_sensitivity.csv,multigroup_mofa_cross_set_sensitivity.csv,.csv,1066,e756ed55f848fe72954df48e0741473d86d8b6d0b6eab68b7c54fd7aadc7c2e5,other,low,,,,
results/tables/multigroup_mofa_factor_activity.csv,multigroup_mofa_factor_activity.csv,.csv,54133,e6e2bc825318bd41fc7c90a42b7590d68bf0cb2475e861ed7d97bef4061f702d,other,low,,,,
results/tables/multigroup_mofa_factor_activity_patterns.csv,multigroup_mofa_factor_activity_patterns.csv,.csv,10225,1656a6a88bb413e91dc9c72c52336a1326b75dfdc94471f94dfb66aa1540da14,other,low,,,,
results/tables/multigroup_mofa_frozen_module_factor_alignment.csv,multigroup_mofa_frozen_module_factor_alignment.csv,.csv,41041,de7e775ae0dbdf0654c955ffb66d8ed4442e8aaea364b392ccbfaa8719746965,other,low,,,,
results/tables/multigroup_mofa_frozen_module_subspace_capture.csv,multigroup_mofa_frozen_module_subspace_capture.csv,.csv,45250,95ccec76f487ab56ee6a31722ab7521de79a962d64c80ebce8b67c443ac1bd84,other,low,,,,
results/tables/multigroup_mofa_model_index.csv,multigroup_mofa_model_index.csv,.csv,5930,4c94075f44fed12b0b5c4abe4ed02024491c8bdaad07fbab0dce639894c51dd3,other,low,,,,
results/tables/multigroup_mofa_model_summary.csv,multigroup_mofa_model_summary.csv,.csv,7269,b6db9e5f4e5fac545c30b0803860f1b70d637e6889a2051ec619df51041d76ea,other,low,,,,
results/tables/multigroup_mofa_module_capture_random_controls.csv,multigroup_mofa_module_capture_random_controls.csv,.csv,33296,ef5410ad7a46b7abf51ff86e01872581d537a0a84a7bcfe345fe466f7d97c7f2,other,low,,,,
results/tables/multigroup_mofa_module_capture_rank_summary.csv,multigroup_mofa_module_capture_rank_summary.csv,.csv,10030,0c6d9893f422a803bf36d1498ee014421722405828ce63cc7a17fcd2c82a9c75,other,low,,,,
results/tables/multigroup_mofa_module_capture_vs_pca.csv,multigroup_mofa_module_capture_vs_pca.csv,.csv,3426,2a5bd0bdca63cbdfe04394c6bdc13c7868cae87eb0972294788637985011e83e,other,low,,,,
results/tables/multigroup_mofa_module_cross_set_sensitivity.csv,multigroup_mofa_module_cross_set_sensitivity.csv,.csv,21194,61840f58d74f40a30ea896be4d2558e116d476922ffbb6a7704163366ab22ded,other,low,,,,
results/tables/multigroup_mofa_module_representation_interpretation.csv,multigroup_mofa_module_representation_interpretation.csv,.csv,1099,f1a637977c067e7488e7cf8ded4a13e86415ad64e8c803bc1b492a4a096dffef,other,low,,,,
results/tables/multigroup_mofa_rank_sensitivity.csv,multigroup_mofa_rank_sensitivity.csv,.csv,1987,9b299e36afdfd59c9687219f4872e3d48ab9f620d656654582c0b56dc2d0d261,other,low,,,,
results/tables/multigroup_mofa_README.txt,multigroup_mofa_README.txt,.txt,1537,2705b5fd4e3faa5dac71172024e88ee72d1b4680e5d7824abba22ce266ffbc4b,other,low,,,,
results/tables/multigroup_mofa_stacked_pca_baseline.csv,multigroup_mofa_stacked_pca_baseline.csv,.csv,2035,d8c504be3b4d06c8b9d961cb6ab50ba46c1810f881ab951e8ed3af717ea126cf,other,low,,,,
results/tables/multigroup_mofa_stacked_pca_module_capture.csv,multigroup_mofa_stacked_pca_module_capture.csv,.csv,2025,e8900a7e806fc62d3a0fdf341ed85bb7f959acfa24dce5df8f92a49fa553beca,other,low,,,,
results/tables/multigroup_mofa_targeted_vs_variable_only_capture.csv,multigroup_mofa_targeted_vs_variable_only_capture.csv,.csv,12628,9b1206f9d0385d0c8547f98e69765d00b0756708dc454065d5f531b214f82e86,other,low,,,,
results/tables/multigroup_mofa_unsupervised_freeze_manifest.json,multigroup_mofa_unsupervised_freeze_manifest.json,.json,21872,cf5bf87ac49b8d5fe937d50a1460a21809dfc4bd887aafdce3e01b63a5ab5473,other,high,,35-mofapy2-multigroup-factor-v1,,
results/tables/multigroup_mofa_variable_only_alignment_manifest.json,multigroup_mofa_variable_only_alignment_manifest.json,.json,5936,be60f367df4519490b2a9e0608e41da3c99b002ca6287c279d01c3880dd2276c,other,high,,39-align-variable-only-mofa-v1,,
results/tables/multigroup_mofa_variable_only_alignment_README.txt,multigroup_mofa_variable_only_alignment_README.txt,.txt,1614,4f04f0247973dc933a766b2854ea933aa8c3b58053c130b7afb40137c4827979,other,low,,,,
results/tables/multigroup_mofa_variable_only_cross_set_sensitivity.csv,multigroup_mofa_variable_only_cross_set_sensitivity.csv,.csv,1303,f80b5fbd078b622fa711becded6bc86905d6af0daf6ee102a283338f0abc62d0,other,low,,,,
results/tables/multigroup_mofa_variable_only_factor_activity.csv,multigroup_mofa_variable_only_factor_activity.csv,.csv,65871,5837c9a9a62c27d24625d234d8c6012c3d8ded7b9e8acf59a158826ecc2be6ce,other,low,,,,
results/tables/multigroup_mofa_variable_only_factor_max_alignment_random_controls.csv,multigroup_mofa_variable_only_factor_max_alignment_random_controls.csv,.csv,5848,581d53c9a19ebe3fba4f32ff2ef3ffb8e7c3d094db9099e57a839d269807bf62,other,low,,,,
results/tables/multigroup_mofa_variable_only_frozen_module_factor_alignment.csv,multigroup_mofa_variable_only_frozen_module_factor_alignment.csv,.csv,63382,8d125056cf8cff76ef343dae9b6767bda9e4b7fbb064ab71897a2799d3db866c,other,low,,,,
results/tables/multigroup_mofa_variable_only_frozen_module_subspace_capture.csv,multigroup_mofa_variable_only_frozen_module_subspace_capture.csv,.csv,42712,3da85221c71e4bbb802fe55208a6f80d28d8da93689afeff920a32cfb3db7860,other,low,,,,
results/tables/multigroup_mofa_variable_only_model_index.csv,multigroup_mofa_variable_only_model_index.csv,.csv,7262,03212dba3d943f6d7cca0bda54679e0de4f5bc939b4b49df6759615a37c68bfa,other,low,,,,
results/tables/multigroup_mofa_variable_only_model_summary.csv,multigroup_mofa_variable_only_model_summary.csv,.csv,8596,6c050092a192d3440209eee3d3e95d4a2deb5c0ccc3fcac90f231d7bfec95b8d,other,low,,,,
results/tables/multigroup_mofa_variable_only_module_capture_rank_summary.csv,multigroup_mofa_variable_only_module_capture_rank_summary.csv,.csv,9967,922dc9eb45ef096f827d7e0ef8f850cbd1821c0fcd1797fbe76b4a3c381ba37e,other,low,,,,
results/tables/multigroup_mofa_variable_only_module_cross_set_sensitivity.csv,multigroup_mofa_variable_only_module_cross_set_sensitivity.csv,.csv,22915,9829ef2ec50ffd400d578b8993e17def34d343c91cf33123c911ec19a4abede0,other,low,,,,
results/tables/multigroup_mofa_variable_only_module_factor_rank_summary.csv,multigroup_mofa_variable_only_module_factor_rank_summary.csv,.csv,1200,5c6ed749b6691fdde04c56cea9ba05ff25de48ce8c363aff51b4741339e8d834,other,low,,,,
results/tables/multigroup_mofa_variable_only_rank_sensitivity.csv,multigroup_mofa_variable_only_rank_sensitivity.csv,.csv,2238,99ae29de29374b6c09f855d9d62c9cbfa5fa9057f7d01e793b27b1ea2d6dab63,other,low,,,,
results/tables/multigroup_mofa_variable_only_README.txt,multigroup_mofa_variable_only_README.txt,.txt,1662,72632092dc9ed5a55206464ddf4c39635f95b29956ffbc141849fe93e33c010f,other,low,,,,
results/tables/multigroup_mofa_variable_only_representation_interpretation.csv,multigroup_mofa_variable_only_representation_interpretation.csv,.csv,1466,87332474693418716790ef8254d2efa9ae0d30aea2e368ba2d8c39b505bd0af9,other,low,,,,
results/tables/multigroup_mofa_variable_only_stacked_pca_baseline.csv,multigroup_mofa_variable_only_stacked_pca_baseline.csv,.csv,2442,432f3679b59e1990bd1ba4c2bbd425bbf190ead16c23587c86d9bd402d0982d2,other,low,,,,
results/tables/multigroup_mofa_variable_only_subspace_random_controls.csv,multigroup_mofa_variable_only_subspace_random_controls.csv,.csv,30654,6fa072f808db4ae41498b21d7f71f2fb8fe4064ebe56eedbcd6501fb1b8da440,other,low,,,,
results/tables/multigroup_mofa_variable_only_unsupervised_freeze_manifest.json,multigroup_mofa_variable_only_unsupervised_freeze_manifest.json,.json,24045,e96930c1d68b96c74eb3e61995f4fa4ff2936761413b36c4f4b083f6e9127ba1,other,high,,38-variable-only-mofapy2-multigroup-v1,,
results/tables/multigroup_mofa_variable_only_variance_explained.csv,multigroup_mofa_variable_only_variance_explained.csv,.csv,25177,23d23c330d92057f2e4f733b7320ca6a49e7ec70de5d180d0dfd886cd21ecf29,other,low,,,,
results/tables/multigroup_mofa_variable_only_vs_pca.csv,multigroup_mofa_variable_only_vs_pca.csv,.csv,3743,ecaff15e67491bed126decf883767a9aefe509b50e88c591eae90edb3304c990,other,low,,,,
results/tables/multigroup_mofa_variance_explained.csv,multigroup_mofa_variance_explained.csv,.csv,18440,de21b7358378ff26ea4942db40dc7c93fe547ce3c7a9e023159b1fbafd70e517,other,low,,,,
results/tables/multigroup_mofa_vs_pca.csv,multigroup_mofa_vs_pca.csv,.csv,3325,0ff936934a7b14738e5f75ac9098cef11e9e36035491f81efa67a32eaba17c00,other,low,,,,
results/tables/multistudy_factor_frozen_module_coverage.csv,multistudy_factor_frozen_module_coverage.csv,.csv,3994,ad1e38bdbc9b7da26506ed7f27ea64d91d06c32985157b9616cb43007181bae4,other,low,,,,
results/tables/multistudy_factor_input_manifest.json,multistudy_factor_input_manifest.json,.json,5922,32c75cea94450db7c8867a924787b33f03092649f1dcc4093fc8b2b2141ab0f2,other,high,,34-prepare-multistudy-factor-inputs-v1,,
results/tables/multistudy_factor_input_README.txt,multistudy_factor_input_README.txt,.txt,1633,2eb428e5d46c7d620cf15709c4557ee49fb9304d4fe0e5e6f98e4ac35cbaf320,other,low,,,,
results/tables/multistudy_factor_input_set_summary.csv,multistudy_factor_input_set_summary.csv,.csv,355,ac9a59ba561063445a57590ae336622b3fe0e068ba79808f7fb20128a9789c8e,other,low,,,,
results/tables/multistudy_factor_model_config.json,multistudy_factor_model_config.json,.json,3715,798aa82464f6015e81ea8f340889413c15a4f8fe715902db3b07d9c031771a58,other,low,,34-prepare-multistudy-factor-inputs-v1,,
results/tables/multistudy_factor_pairwise_shift_diagnostics.csv,multistudy_factor_pairwise_shift_diagnostics.csv,.csv,1945,b917da989316bf535cec1478770ec32ccab46ded3f60c3a4b60d39d4d007662a,other,low,,,,
results/tables/multistudy_factor_pca_rank_diagnostics.csv,multistudy_factor_pca_rank_diagnostics.csv,.csv,22901,e61bc6921b29067f283b6728f2e2a575a4bec18dfdd47f9d424251e1e6520f0e,other,low,,,,
results/tables/multistudy_factor_strict_ortholog_universe.csv,multistudy_factor_strict_ortholog_universe.csv,.csv,944259,c9a283d24cff541d6725e840ef593bfa654da47e06dd46fb61154c49ac541d8e,other,low,,,,
results/tables/multistudy_factor_variable_only_gene_selection.csv,multistudy_factor_variable_only_gene_selection.csv,.csv,1443098,193fc347b63eee6ccbe628b33b63952a67e041aee5476a59ea51e37a2f38f66d,other,low,,,,
results/tables/multistudy_factor_variable_only_manifest.json,multistudy_factor_variable_only_manifest.json,.json,7542,44950ad32f3e58bc5847ece32453850627eeb6775818d6f4b17d02024f523a05,other,high,,37-prepare-variable-only-mofa-inputs-v1,,
results/tables/multistudy_factor_variable_only_model_config.json,multistudy_factor_variable_only_model_config.json,.json,3943,90bf6575a2a435fccf31dfe143b7c66b98aeb21d3000f78977f0129781df68bf,other,low,,37-prepare-variable-only-mofa-inputs-v1,,
results/tables/multistudy_factor_variable_only_module_coverage.csv,multistudy_factor_variable_only_module_coverage.csv,.csv,3446,93ad264389328fc59f27797708e3e21be205fc641685526678e26961cf3ac05b,other,low,,,,
results/tables/multistudy_factor_variable_only_pairwise_shift.csv,multistudy_factor_variable_only_pairwise_shift.csv,.csv,2132,eb8180366d5a4b021dd760b2c7e3db8d1d6e9b20d84afeb31d9e375ce2b11bf9,other,low,,,,
results/tables/multistudy_factor_variable_only_README.txt,multistudy_factor_variable_only_README.txt,.txt,1124,e100cf3cb9e6edbfae4c8a27c640ddba6a3a933e1cdb4a3bc1d0ad66f5d66d07,other,low,,,,
results/tables/multistudy_factor_variable_only_set_summary.csv,multistudy_factor_variable_only_set_summary.csv,.csv,407,17499bc1e5524270bb642034090f201accc5a4fe02afa5a5d405cbf512d778fb,other,low,,,,
results/tables/paper4_analysis_freeze_manifest.json,paper4_analysis_freeze_manifest.json,.json,2780,c6b024b1895f4d5298a802ff0cb8265e619a2de159ccf21144f880bb211332b6,other,high,,29-lock-cross-species-evidence-v1,,
results/tables/paper4_analysis_freeze_README.txt,paper4_analysis_freeze_README.txt,.txt,1126,1029ec781fd7d7998f26ac1de01ff9c44de96e7f331e85280813a25186f88ba6,other,low,,,,
results/tables/paper4_assay_aware_lock_manifest.json,paper4_assay_aware_lock_manifest.json,.json,3634,2a427eed1b66795c5a46bf588eed6ac76c67b164f2448df264977026d03d7e92,other,high,,33-projectwide-multiplicity-assay-aware-lock-v1,,
results/tables/paper4_assay_aware_lock_README.txt,paper4_assay_aware_lock_README.txt,.txt,1377,c328713b399c913321efbb782e0084fe94f2a31f0f20b4750227ae35b6dc846c,other,low,,,,
results/tables/paper4_assay_aware_locked_module_evidence_summary.csv,paper4_assay_aware_locked_module_evidence_summary.csv,.csv,2553,ac94646a377b59c713a60ec6399e93f4a011387cf939f24882e2f803a657536e,other,medium,,,,
results/tables/paper4_assay_aware_locked_module_interpretation.csv,paper4_assay_aware_locked_module_interpretation.csv,.csv,1877,18ec6d57986cf83f24e3e2fc9455261842f775f494671065be1dda934bdf6c33,final_evidence_lock,medium,,,,
results/tables/paper4_assay_aware_locked_results_sentences.txt,paper4_assay_aware_locked_results_sentences.txt,.txt,2751,371a5d043559d4d38f32b3833ca396f69381d50e83ad2eacf4b088365f5b7163,other,low,,,,
results/tables/paper4_external_canine_evidence_manifest.json,paper4_external_canine_evidence_manifest.json,.json,9546,78459cfdb60847dacfc74f7aea9de2bb7b9a10dad0d64853cbffcf92001dc2a5,other,high,,47-lock-gse239948-independent-canine-evidence-v2,,
results/tables/paper4_external_canine_evidence_README.txt,paper4_external_canine_evidence_README.txt,.txt,2323,6299da71c041f8a22780cc9396dcf5e77c11740900ee84b71209a9953da67411,other,low,,,,
results/tables/paper4_final_analysis_lock_manifest.json,paper4_final_analysis_lock_manifest.json,.json,3653,19e5d7332517811595b09602c65c89d007e6db138f5ea7bc76dd94c641686b46,final_evidence_lock,high,,51-final-lock-external-canine-triangulation-v1,,
results/tables/paper4_final_analysis_lock_README.txt,paper4_final_analysis_lock_README.txt,.txt,2122,41f36f0946f965c4d20c94a05c3ec698b0d24dead51f14bc0992e7a918936ef8,final_evidence_lock,low,,,,
results/tables/Paper4_final_external_canine_triangulation_table.csv,Paper4_final_external_canine_triangulation_table.csv,.csv,6170,196dace12b765f7442662a5c6ce3799bee912bce2da0aa52357114c0ed18feb0,external_canine_triangulation,high,,,,
results/tables/Paper4_final_figure_captions.txt,Paper4_final_figure_captions.txt,.txt,3339,577686d8755edac80bd9d0fe8c824d2c3788287e4b110d923ea869a615f90379,other,low,,,,
results/tables/Paper4_final_human_primary_outcomes_table.csv,Paper4_final_human_primary_outcomes_table.csv,.csv,1830,48881f473c4ea9abd39308496e772d777937cd407cc0378e2a98148e731159cf,human_outcome_transport,high,,,,
results/tables/Paper4_final_main_results_table.csv,Paper4_final_main_results_table.csv,.csv,1358,f2325ad18ca40eec0b905557234a608b2ecacc52f851aaad3465f87201f77503,other,medium,,,,
results/tables/Paper4_final_main_results_table.tex,Paper4_final_main_results_table.tex,.tex,1335,3dde348eafbd77d516f262291005b442b94d448a80ab994c83fc8c23f6a596cb,other,medium,,,,
results/tables/Paper4_final_manuscript_assets_manifest.json,Paper4_final_manuscript_assets_manifest.json,.json,7140,28af0911ba8f2f50d5bd1a4ff2938c76d7e78df05109fa1369b36eb7510b919d,other,high,,52-generate-final-paper4-manuscript-assets-v1,,
results/tables/Paper4_final_manuscript_assets_README.txt,Paper4_final_manuscript_assets_README.txt,.txt,1615,175815ea71ed191e5f0dc3a1a4608c2ec38c13ad998d5e7a11c74807ed32e83c,other,low,,,,
results/tables/Paper4_final_representation_outcome_typology_table.csv,Paper4_final_representation_outcome_typology_table.csv,.csv,2053,53d49a96a70747f3b2d856cb69c916ac20d37456b2443acf8c119576648be06a,other,medium,,,,
results/tables/Paper4_final_results_section_outline.txt,Paper4_final_results_section_outline.txt,.txt,1856,09063c0634386747da2c73ea0fe2e2cd95a5e166c1897c59496160a686792e39,other,low,,,,
results/tables/paper4_GSE239948_preservation_method_concordance.csv,paper4_GSE239948_preservation_method_concordance.csv,.csv,2833,016573a626a3812fd244541014d21af0073cf7dc9859deaea2103c126034dce0,external_canine_direct,medium,,,,
results/tables/paper4_gse39055_assay_stability_classification.csv,paper4_gse39055_assay_stability_classification.csv,.csv,1383,f9ef30be60e2e1fb50457f2390d621611a76f7285a11d906bfb8ea06d11ef348,other,low,,,,
results/tables/paper4_locked_ai_novelty_claims.txt,paper4_locked_ai_novelty_claims.txt,.txt,854,0527f4713c0b678cf236995585f7aaf7457035cea089eb77aca630b909ca5aa6,other,medium,,,,
results/tables/paper4_locked_ai_representation_evidence.csv,paper4_locked_ai_representation_evidence.csv,.csv,1076,e1f4c93374284ac72e11e5e82d9587d48e5c77ad8ddf5466f33c0858ad588cbb,other,medium,,,,
results/tables/paper4_locked_external_canine_results_sentences.txt,paper4_locked_external_canine_results_sentences.txt,.txt,3079,bfece38e90e0bd0cdd6bbc75d5bf557df387614216f1ec39c5a62e52c0fd1d3c,other,low,,,,
results/tables/paper4_locked_external_canine_triangulation.csv,paper4_locked_external_canine_triangulation.csv,.csv,6170,196dace12b765f7442662a5c6ce3799bee912bce2da0aa52357114c0ed18feb0,external_canine_triangulation,high,,,,
results/tables/Paper4_locked_figure_captions.txt,Paper4_locked_figure_captions.txt,.txt,2200,b2ab4e7281e3a8a53c00f9cfb9536ecec9d57c09884ef018da8631b468b3b4d9,other,low,,,,
results/tables/Paper4_locked_figure_table_manifest.json,Paper4_locked_figure_table_manifest.json,.json,3222,b78948f08ea93f624df41d9ba5e8377693790160bbcda4ae9ad0022c60d64c96,other,high,,30-paper4-locked-figures-tables-v1,,
results/tables/Paper4_locked_figure_table_README.txt,Paper4_locked_figure_table_README.txt,.txt,787,3563a78ca5e5712b3e887b30339f3098b19a0366aa5ed33d7b6eb7b975bc6f20,other,low,,,,
results/tables/paper4_locked_final_claim_guardrails.txt,paper4_locked_final_claim_guardrails.txt,.txt,832,e4bf802aaa9b5a8a02a56d03771280259c698729d9be93f814e65c1d52d07f8e,other,high,,,,
results/tables/paper4_locked_final_module_interpretation.csv,paper4_locked_final_module_interpretation.csv,.csv,2355,ccab4f6e11cea26556137e9dc53db79b1790a1a82bae0db04bf454b39fe82cce,final_evidence_lock,high,,,,
results/tables/paper4_locked_final_results_sentences.txt,paper4_locked_final_results_sentences.txt,.txt,1719,d4fa9f4c8f98eb8f431d15304e708acfe405b05b562d29d0e85e1f226e78241b,other,low,,,,
results/tables/paper4_locked_human_outcome_evidence.csv,paper4_locked_human_outcome_evidence.csv,.csv,3033,88891d1525e0a205826d53c152e7d3f5d35a9332d0c20bc7375bd8adf3aa82e7,human_outcome_transport,medium,,,,
results/tables/paper4_locked_independent_canine_representation.csv,paper4_locked_independent_canine_representation.csv,.csv,4013,642ee4b0a1e5a04a5cdefb3d03d5329bde5ce920f77939473f151e51b3241d89,other,medium,,,,
results/tables/Paper4_locked_main_results_table.csv,Paper4_locked_main_results_table.csv,.csv,5180,14961fbe21549dc03e9b8fac77113bddba1c046f6689d23e26f5f6106e76285c,other,medium,,,,
results/tables/Paper4_locked_main_results_table.tex,Paper4_locked_main_results_table.tex,.tex,1577,95a44860e9f37ac665216583fc5a64486d23bdd73f3e37833f483d3d45808877,other,medium,,,,
results/tables/paper4_locked_module_evidence_summary.csv,paper4_locked_module_evidence_summary.csv,.csv,2583,e967de4bd35cedc562ec7b3776d7081fcb4924d95450a243c4b4f1b8586746c9,other,medium,,,,
results/tables/paper4_locked_module_interpretation.csv,paper4_locked_module_interpretation.csv,.csv,1233,d675cbd0c3e5238ff08302dd3546b74b2504367b1a3a7ac4b94c20c28906c8a3,final_evidence_lock,medium,,,,
results/tables/paper4_locked_multidimensional_manifest.json,paper4_locked_multidimensional_manifest.json,.json,4910,ce697feaefe5b1bb7eceebbdd23b7105750191765f4b06f8a8e36f529db8455d,other,high,,40-lock-multidimensional-transport-evidence-v1,,
results/tables/paper4_locked_multidimensional_README.txt,paper4_locked_multidimensional_README.txt,.txt,463,02f2781e18275b0ad28752c4061c707dc96a31cb2f396392575a5cfa40c5c465,other,low,,,,
results/tables/paper4_locked_multidimensional_results_sentences.txt,paper4_locked_multidimensional_results_sentences.txt,.txt,2036,6f04e36b5e00ab726fde887dcbb6b7e2af57712e77fd585d01df6f45de358256,other,low,,,,
results/tables/paper4_locked_multidimensional_transport_evidence.csv,paper4_locked_multidimensional_transport_evidence.csv,.csv,3652,d6f00375286e78e184a99c0774290a91cd502771595beb815907cb57f6bbcbf5,final_evidence_lock,medium,,,,
results/tables/paper4_locked_multidimensional_transport_evidence_final.csv,paper4_locked_multidimensional_transport_evidence_final.csv,.csv,14576,295daa735f335d06d83dc28e981d5e995711216e687524de3000b65f49296961,final_evidence_lock,high,,,,
results/tables/paper4_locked_multidimensional_transport_evidence_with_single_cell.csv,paper4_locked_multidimensional_transport_evidence_with_single_cell.csv,.csv,5671,22738ed71c4d9a550ffbcd7ae2b030d77dcb0845765f42d2a2dcc87c1f03648a,single_cell,medium,,,,
results/tables/paper4_locked_multidimensional_transport_evidence_with_single_cell_and_external_canine.csv,paper4_locked_multidimensional_transport_evidence_with_single_cell_and_external_canine.csv,.csv,10851,2fc1a71d9cf07bf0fd8516ea2c45668fa2622c1365338c249097181d3d5f307e,single_cell,medium,,,,
results/tables/paper4_locked_multidimensional_transport_evidence_with_single_cell_six_dogs.csv,paper4_locked_multidimensional_transport_evidence_with_single_cell_six_dogs.csv,.csv,5329,a096f3381e2854bf49499056ddd69f59791dd544fa94e61aeed01d0b80dc6537,single_cell,high,,,,
results/tables/paper4_locked_multidimensional_transport_typology.csv,paper4_locked_multidimensional_transport_typology.csv,.csv,1164,fbd8035dfa7c12160d2fd5b41f5d6a4db0ac0d2f0deba0ea074aede18879b98b,final_evidence_lock,medium,,,,
results/tables/paper4_locked_results_sentences.txt,paper4_locked_results_sentences.txt,.txt,2085,a19d89440f6bacff9bf5029bff381ce3b6fb65ae0da805b43506d31228bd6c1d,other,low,,,,
results/tables/paper4_locked_single_cell_biological_localization.csv,paper4_locked_single_cell_biological_localization.csv,.csv,2519,9ac746cc177aad28067e358d538e845661f757d3c2b8f4f7ebbae4e242b694fa,single_cell,medium,,,,
results/tables/paper4_locked_single_cell_biological_localization_six_dogs.csv,paper4_locked_single_cell_biological_localization_six_dogs.csv,.csv,2170,511b1817ed542c1ba0d26d70b5842f38906a3f356d86de6210c64ca02dd20633,single_cell,high,,,,
results/tables/paper4_locked_single_cell_results_sentences.txt,paper4_locked_single_cell_results_sentences.txt,.txt,1470,4578134805b74ae51f7549694b01f2bfd61dfee0017f7c50d0eb111f37d255d2,single_cell,low,,,,
results/tables/paper4_locked_single_cell_results_sentences_six_dogs.txt,paper4_locked_single_cell_results_sentences_six_dogs.txt,.txt,1490,005c807de40fbf10cdfb18a8740b61f0fd2e562daaadd1233f8d058651104e56,single_cell,low,,,,
results/tables/paper4_locked_structure_evidence.csv,paper4_locked_structure_evidence.csv,.csv,4059,d381c72dc04e2591db194db928cac4ab9ad8ec47e739dce6af6d47edb322afe1,other,medium,,,,
results/tables/Paper4_locked_structure_table.csv,Paper4_locked_structure_table.csv,.csv,2312,14b63d6f36428b8540cf4c34d180c24cbf45094357a85068bf864cd8e7010689,other,medium,,,,
results/tables/paper4_projectwide_primary_multiplicity.csv,paper4_projectwide_primary_multiplicity.csv,.csv,1629,a1bf689c3adc955d7602482c8248e0bf60c631e2f339e061698812f7decb25a6,multiplicity,high,,,,
results/tables/paper4_representation_outcome_decoupling_typology.csv,paper4_representation_outcome_decoupling_typology.csv,.csv,2053,53d49a96a70747f3b2d856cb69c916ac20d37456b2443acf8c119576648be06a,other,low,,,,
results/tables/Patkar_TME_convergence_manifest.json,Patkar_TME_convergence_manifest.json,.json,4209,df0a371ac36d3a55ec2505ee803d8fba76bb42335c8ab891e963f6bbf5070b82,other,high,,32-patkar-tme-convergence-v1,,
results/tables/Patkar_TME_convergence_README.txt,Patkar_TME_convergence_README.txt,.txt,1297,e468f917c68819801efacd1bb39e72e3aead3ad3983096379050c95c83c9ced5,other,low,,,,
results/tables/Patkar_TME_frozen_program_scores.csv,Patkar_TME_frozen_program_scores.csv,.csv,53245,fbe48f101dcc2b45308605a99c397d2473209e9929b608fc0804b6ec7fa1a4f9,other,low,,,,
results/tables/Patkar_TME_module_omnibus_associations.csv,Patkar_TME_module_omnibus_associations.csv,.csv,1427,b642a8000e16ddc03a969f1afcf74600ea5ddf767edc97f94223b0b3a758248b,other,low,,,,
results/tables/Patkar_TME_module_pairwise_associations.csv,Patkar_TME_module_pairwise_associations.csv,.csv,4638,5129dfe44bc5ed49af8a752389df18bca1d5e16717300d2050af217d43af57b8,other,low,,,,
results/tables/Patkar_TME_sample_matching_audit.csv,Patkar_TME_sample_matching_audit.csv,.csv,754912,d975255e70086c88ebc2b9e74664eaa811d104a4f8ea792f91083ed24d9bebe3,other,low,,,,
results/tables/Patkar_TME_subtype_score_summary.csv,Patkar_TME_subtype_score_summary.csv,.csv,4204,e79c04327b5c75449c598326329ba6d5979acd693864258fa0c239f8f5e22af4,other,low,,,,
results/tables/Patkar_TME_targeted_convergence_tests.csv,Patkar_TME_targeted_convergence_tests.csv,.csv,1477,7c0ca1e73da863efbf22c8069f242bfdab018f2f04bb90bb9d65a37a79a9b8fe,other,low,,,,
results/tables/TARGET_OS_frozen_transfer_score_coverage.csv,TARGET_OS_frozen_transfer_score_coverage.csv,.csv,7188,6881e1b3c5be414b3b177be802b417d9583407088a312b587dce7b1c9a7af35f,other,low,,,,
results/tables/TARGET_OS_GDC_expression_file_manifest.csv,TARGET_OS_GDC_expression_file_manifest.csv,.csv,31132,f90276eb869b8c135be0058d1da7f5cb2f9e898a7d7b8a389cd235d7a18b4db0,other,high,,,,
results/tables/TARGET_OS_primary_adjustment_robustness.csv,TARGET_OS_primary_adjustment_robustness.csv,.csv,2463,989048ee0d3987f4999ecef5d840fdba5ba2535c2102e0e7fa8d167df580617f,other,medium,,,,
results/tables/TARGET_OS_primary_frozen_program_validation.csv,TARGET_OS_primary_frozen_program_validation.csv,.csv,1843,1bc7d5881bae8f9bd63088c37aad57c6294d47f97d71baa06e7f9aa12fec04fe,other,medium,,,,
results/tables/TARGET_OS_primary_leave_one_out_stability.csv,TARGET_OS_primary_leave_one_out_stability.csv,.csv,659,b9305ff7ae4419beb9fcf78da11ed9e50007a4b6bcf97541ef896fe6acfac284,other,medium,,,,
